id,key,self,resolutiondate,created,resolutiontime,timespent,commentlength
'13285717', 'JENA-1842', 'https://issues.apache.org/jira/rest/api/2/issue/13285717',2020-02-17T17:00:13.000+0000, '2020-02-17T09:00:13.000+0000',0.3333333333333333,1200,310
'13236871', 'NIFIREG-276', 'https://issues.apache.org/jira/rest/api/2/issue/13236871',2019-05-31T17:31:05.000+0000, '2019-05-31T14:19:05.000+0000',0.13333333333333333,2400,834
'13258545', 'JUNEAU-158', 'https://issues.apache.org/jira/rest/api/2/issue/13258545',2019-09-27T03:17:06.000+0000, '2019-09-24T12:53:06.000+0000',2.6,2400,685
'13426456', 'JAMES-3712', 'https://issues.apache.org/jira/rest/api/2/issue/13426456',2022-02-03T21:56:50.000+0000, '2022-02-03T15:32:50.000+0000',0.26666666666666666,600,1057
'13063347', 'ASTERIXDB-1881', 'https://issues.apache.org/jira/rest/api/2/issue/13063347',2017-04-13T16:00:10.000+0000, '2017-04-12T00:00:10.000+0000',1.6666666666666667,3600,331
'13289363', 'YUNIKORN-9', 'https://issues.apache.org/jira/rest/api/2/issue/13289363',2020-03-04T01:21:49.000+0000, '2020-03-04T01:21:49.000+0000',0.0,600,882
'13380459', 'MAPREDUCE-7348', 'https://issues.apache.org/jira/rest/api/2/issue/13380459',2021-05-26T04:27:04.000+0000, '2021-05-26T04:27:04.000+0000',0.0,2400,1435
'13309043', 'SLING-9498', 'https://issues.apache.org/jira/rest/api/2/issue/13309043',2020-06-02T23:57:34.000+0000, '2020-06-02T20:45:34.000+0000',0.13333333333333333,3600,1641
'13229930', 'MRESOLVER-88', 'https://issues.apache.org/jira/rest/api/2/issue/13229930',2019-04-27T16:07:33.000+0000, '2019-04-24T17:43:33.000+0000',2.933333333333333,1200,192
'13244099', 'BCEL-323', 'https://issues.apache.org/jira/rest/api/2/issue/13244099',2019-07-10T12:38:12.000+0000, '2019-07-10T12:38:12.000+0000',0.0,1200,3278
'13177694', 'DATAFU-148', 'https://issues.apache.org/jira/rest/api/2/issue/13177694',2018-08-31T10:01:47.000+0000, '2018-08-08T14:49:47.000+0000',22.8,2400,80
'13222920', 'UIMA-6012', 'https://issues.apache.org/jira/rest/api/2/issue/13222920',2019-03-20T18:53:28.000+0000, '2019-03-20T18:53:28.000+0000',0.0,1200,1118
'13299347', 'AXIOM-502', 'https://issues.apache.org/jira/rest/api/2/issue/13299347',2020-04-18T08:47:14.000+0000, '2020-04-18T08:47:14.000+0000',0.0,1200,801
'13246099', 'NUMBERS-132', 'https://issues.apache.org/jira/rest/api/2/issue/13246099',2019-07-21T06:24:06.000+0000, '2019-07-20T00:00:06.000+0000',1.2666666666666666,1800,832
'13318494', 'WW-5084', 'https://issues.apache.org/jira/rest/api/2/issue/13318494',2020-08-01T13:17:21.000+0000, '2020-07-21T13:17:21.000+0000',11.0,18600,801
'13167963', 'CB-14166', 'https://issues.apache.org/jira/rest/api/2/issue/13167963',2018-07-12T17:50:14.000+0000, '2018-06-25T05:02:14.000+0000',17.533333333333335,600,633
'13282893', 'LUCENE-9201', 'https://issues.apache.org/jira/rest/api/2/issue/13282893',2020-02-09T03:43:46.000+0000, '2020-02-03T03:43:46.000+0000',6.0,16200,208
'13154700', 'VFS-662', 'https://issues.apache.org/jira/rest/api/2/issue/13154700',2018-05-18T21:20:55.000+0000, '2018-04-24T05:20:55.000+0000',24.666666666666668,1800,1080
'13389730', 'CSV-284', 'https://issues.apache.org/jira/rest/api/2/issue/13389730',2021-07-15T01:14:48.000+0000, '2021-07-15T01:14:48.000+0000',0.0,3000,887
'13290485', 'PHOENIX-5761', 'https://issues.apache.org/jira/rest/api/2/issue/13290485',2020-03-09T12:20:47.000+0000, '2020-03-09T09:08:47.000+0000',0.13333333333333333,1200,530
'13239807', 'DOXIASITETOOLS-207', 'https://issues.apache.org/jira/rest/api/2/issue/13239807',2019-06-16T16:12:42.000+0000, '2019-06-16T16:12:42.000+0000',0.0,1200,884
'13409699', 'SM-4934', 'https://issues.apache.org/jira/rest/api/2/issue/13409699',2021-11-02T15:35:25.000+0000, '2021-11-02T15:35:25.000+0000',0.0,2400,1501
'13258215', 'JDKIM-44', 'https://issues.apache.org/jira/rest/api/2/issue/13258215',2019-09-23T15:17:56.000+0000, '2019-09-23T04:05:56.000+0000',0.4666666666666667,1200,659
'13186113', 'HELIX-752', 'https://issues.apache.org/jira/rest/api/2/issue/13186113',2018-09-30T11:25:32.000+0000, '2018-09-19T17:49:32.000+0000',10.733333333333333,600,116
'13094185', 'REEF-1864', 'https://issues.apache.org/jira/rest/api/2/issue/13094185',2017-08-15T23:02:46.000+0000, '2017-08-11T19:50:46.000+0000',4.133333333333334,1209600,261
'13290303', 'ROL-2161', 'https://issues.apache.org/jira/rest/api/2/issue/13290303',2020-03-08T03:19:51.000+0000, '2020-03-07T14:31:51.000+0000',0.5333333333333333,1200,193
'13112946', 'POLYGENE-276', 'https://issues.apache.org/jira/rest/api/2/issue/13112946',2017-10-30T05:52:38.000+0000, '2017-10-30T05:52:38.000+0000',0.0,7200,1293
'13112801', 'OFBIZ-9908', 'https://issues.apache.org/jira/rest/api/2/issue/13112801',2017-12-02T15:58:04.000+0000, '2017-10-28T11:10:04.000+0000',35.2,259200,462
'13056145', 'STORM-2414', 'https://issues.apache.org/jira/rest/api/2/issue/13056145',2017-03-15T09:35:31.000+0000, '2017-03-15T01:35:31.000+0000',0.3333333333333333,19200,416
'13372082', 'LIMINAL-72', 'https://issues.apache.org/jira/rest/api/2/issue/13372082',2021-04-13T22:50:06.000+0000, '2021-04-13T16:26:06.000+0000',0.26666666666666666,600,509
'13232750', 'ISIS-2117', 'https://issues.apache.org/jira/rest/api/2/issue/13232750',2019-05-10T23:22:56.000+0000, '2019-05-10T21:46:56.000+0000',0.06666666666666667,1200,1225
'13215048', 'BIGTOP-3159', 'https://issues.apache.org/jira/rest/api/2/issue/13215048',2019-02-12T04:01:37.000+0000, '2019-02-11T16:49:37.000+0000',0.4666666666666667,600,300
'13252827', 'SINGA-484', 'https://issues.apache.org/jira/rest/api/2/issue/13252827',2019-08-29T09:50:53.000+0000, '2019-08-24T19:26:53.000+0000',4.6,2400,510
'13111203', 'MRESOLVER-33', 'https://issues.apache.org/jira/rest/api/2/issue/13111203',2017-11-30T16:52:43.000+0000, '2017-10-22T02:28:43.000+0000',39.6,1200,559
'13289343', 'EMAIL-190', 'https://issues.apache.org/jira/rest/api/2/issue/13289343',2020-03-04T01:02:09.000+0000, '2020-03-03T21:50:09.000+0000',0.13333333333333333,1200,2902
'13315157', 'MINIFICPP-1280', 'https://issues.apache.org/jira/rest/api/2/issue/13315157',2020-07-06T12:51:23.000+0000, '2020-07-06T12:51:23.000+0000',0.0,2400,978
'13379261', 'NETBEANS-5693', 'https://issues.apache.org/jira/rest/api/2/issue/13379261',2021-05-19T14:44:39.000+0000, '2021-05-19T09:56:39.000+0000',0.2,5400,1171
'13061702', 'CARBONDATA-865', 'https://issues.apache.org/jira/rest/api/2/issue/13061702',2017-04-05T11:34:24.000+0000, '2017-04-05T11:34:24.000+0000',0.0,3600,2182
'13265477', 'TRAINING-26', 'https://issues.apache.org/jira/rest/api/2/issue/13265477',2019-11-04T03:52:11.000+0000, '2019-10-31T08:40:11.000+0000',3.8,1200,116
'13250562', 'ROL-2148', 'https://issues.apache.org/jira/rest/api/2/issue/13250562',2019-08-13T14:05:40.000+0000, '2019-08-13T14:05:40.000+0000',0.0,4800,1521
'13299520', 'BATCHEE-140', 'https://issues.apache.org/jira/rest/api/2/issue/13299520',2020-04-19T19:51:20.000+0000, '2020-04-19T19:51:20.000+0000',0.0,600,866
'13435776', 'TOMEE-3876', 'https://issues.apache.org/jira/rest/api/2/issue/13435776',2022-03-25T10:31:11.000+0000, '2022-03-25T10:31:11.000+0000',0.0,2400,958
'13245768', 'AMQ-7244', 'https://issues.apache.org/jira/rest/api/2/issue/13245768',2019-07-19T18:22:27.000+0000, '2019-07-18T11:58:27.000+0000',1.2666666666666666,3600,82
'13294160', 'TOBAGO-2023', 'https://issues.apache.org/jira/rest/api/2/issue/13294160',2020-03-26T10:06:15.000+0000, '2020-03-26T10:06:15.000+0000',0.0,1200,1410
'13269690', 'DAEMON-414', 'https://issues.apache.org/jira/rest/api/2/issue/13269690',2019-11-20T23:10:17.000+0000, '2019-11-20T23:10:17.000+0000',0.0,1200,1400
'13228247', 'XMLBEANS-540', 'https://issues.apache.org/jira/rest/api/2/issue/13228247',2019-04-16T08:59:03.000+0000, '2019-04-16T05:47:03.000+0000',0.13333333333333333,600,1369
'13211468', 'GEOMETRY-38', 'https://issues.apache.org/jira/rest/api/2/issue/13211468',2019-01-24T08:23:48.000+0000, '2019-01-24T06:47:48.000+0000',0.06666666666666667,2400,966
'13215004', 'CAMEL-13179', 'https://issues.apache.org/jira/rest/api/2/issue/13215004',2019-02-11T15:35:58.000+0000, '2019-02-11T13:59:58.000+0000',0.06666666666666667,1200,2597
'13179728', 'AMBARI-24503', 'https://issues.apache.org/jira/rest/api/2/issue/13179728',2018-08-18T08:51:37.000+0000, '2018-08-18T05:39:37.000+0000',0.13333333333333333,3600,1316
'13233057', 'TWILL-265', 'https://issues.apache.org/jira/rest/api/2/issue/13233057',2019-05-30T16:00:58.000+0000, '2019-05-13T20:48:58.000+0000',16.8,3000,78
'12806196', 'MRELEASE-229', 'https://issues.apache.org/jira/rest/api/2/issue/12806196',2008-03-05T12:20:31.000+0000, '2007-05-04T05:56:31.000+0000',306.26666666666665,600,110
'13215995', 'MJDEPS-23', 'https://issues.apache.org/jira/rest/api/2/issue/13215995',2019-02-22T08:12:05.000+0000, '2019-02-15T14:36:05.000+0000',6.733333333333333,2400,139
'12810430', 'SUREFIRE-1004', 'https://issues.apache.org/jira/rest/api/2/issue/12810430',2013-10-28T22:08:52.000+0000, '2013-06-11T14:08:52.000+0000',139.33333333333334,1200,179
'12425707', 'VFS-257', 'https://issues.apache.org/jira/rest/api/2/issue/12425707',2010-02-27T22:43:13.000+0000, '2009-05-18T06:43:13.000+0000',285.6666666666667,600,789
'13181133', 'VALIDATOR-447', 'https://issues.apache.org/jira/rest/api/2/issue/13181133',2018-10-09T09:48:53.000+0000, '2018-08-25T16:12:53.000+0000',44.733333333333334,600,716
'13217582', 'MSCMPUB-41', 'https://issues.apache.org/jira/rest/api/2/issue/13217582',2019-03-05T11:21:06.000+0000, '2019-02-23T09:45:06.000+0000',10.066666666666666,1200,382
'13232216', 'SQOOP-3438', 'https://issues.apache.org/jira/rest/api/2/issue/13232216',2019-05-10T08:27:16.000+0000, '2019-05-08T13:15:16.000+0000',1.8,12000,129
'13097819', 'TAMAYA-277', 'https://issues.apache.org/jira/rest/api/2/issue/13097819',2017-10-07T00:51:10.000+0000, '2017-08-27T08:51:10.000+0000',40.666666666666664,28800,160
'12948244', 'EDGENT-17', 'https://issues.apache.org/jira/rest/api/2/issue/12948244',2016-03-09T01:51:02.000+0000, '2016-03-09T01:51:02.000+0000',0.0,14400,907
'13258675', 'HUDI-275', 'https://issues.apache.org/jira/rest/api/2/issue/13258675',2019-09-27T12:15:30.000+0000, '2019-09-25T02:39:30.000+0000',2.4,1200,87
'13187162', 'USERGRID-1348', 'https://issues.apache.org/jira/rest/api/2/issue/13187162',2018-09-25T00:07:26.000+0000, '2018-09-25T00:07:26.000+0000',0.0,1800,414
'13232536', 'MAHOUT-2067', 'https://issues.apache.org/jira/rest/api/2/issue/13232536',2019-05-10T16:26:51.000+0000, '2019-05-09T21:14:51.000+0000',0.8,8400,307
'13393820', 'JAMES-3626', 'https://issues.apache.org/jira/rest/api/2/issue/13393820',2021-08-06T18:05:36.000+0000, '2021-08-06T03:41:36.000+0000',0.6,6000,2285
'13083533', 'SPOT-186', 'https://issues.apache.org/jira/rest/api/2/issue/13083533',2017-08-22T11:33:55.000+0000, '2017-06-29T17:57:55.000+0000',53.733333333333334,10200,1163
'13226416', 'MPMD-281', 'https://issues.apache.org/jira/rest/api/2/issue/13226416',2019-04-06T00:43:39.000+0000, '2019-04-05T18:19:39.000+0000',0.26666666666666666,1200,239
'13251005', 'HTTPASYNC-152', 'https://issues.apache.org/jira/rest/api/2/issue/13251005',2019-08-15T21:46:30.000+0000, '2019-08-15T12:10:30.000+0000',0.4,2400,5266
'13260749', 'FINCN-180', 'https://issues.apache.org/jira/rest/api/2/issue/13260749',2019-10-07T02:07:25.000+0000, '2019-10-06T06:55:25.000+0000',0.8,14400,833
'13431545', 'ZEPPELIN-5664', 'https://issues.apache.org/jira/rest/api/2/issue/13431545',2022-03-02T23:49:24.000+0000, '2022-03-02T17:25:24.000+0000',0.26666666666666666,1800,144
'13361528', 'MAILBOX-404', 'https://issues.apache.org/jira/rest/api/2/issue/13361528',2021-03-29T21:30:29.000+0000, '2021-03-01T07:06:29.000+0000',28.6,1800,348
'13256565', 'FINCN-176', 'https://issues.apache.org/jira/rest/api/2/issue/13256565',2019-09-13T19:56:22.000+0000, '2019-09-13T15:08:22.000+0000',0.2,1200,1258
'13400064', 'CASSANDRA-16927', 'https://issues.apache.org/jira/rest/api/2/issue/13400064',2021-09-10T14:38:17.000+0000, '2021-09-08T17:50:17.000+0000',1.8666666666666667,1200,336
'13210628', 'EMPIREDB-285', 'https://issues.apache.org/jira/rest/api/2/issue/13210628',2019-02-21T01:55:41.000+0000, '2019-01-20T19:31:41.000+0000',31.266666666666666,600,682
'13270472', 'WSS-659', 'https://issues.apache.org/jira/rest/api/2/issue/13270472',2019-11-28T13:51:17.000+0000, '2019-11-25T15:27:17.000+0000',2.933333333333333,1200,122
'12927713', 'SYSTEMDS-141', 'https://issues.apache.org/jira/rest/api/2/issue/12927713',2015-08-24T09:56:15.000+0000, '2015-08-14T17:56:15.000+0000',9.666666666666666,144000,457
'13222390', 'SAMZA-2132', 'https://issues.apache.org/jira/rest/api/2/issue/13222390',2019-03-19T02:27:40.000+0000, '2019-03-18T18:27:40.000+0000',0.3333333333333333,3000,435
'13210407', 'MIME4J-283', 'https://issues.apache.org/jira/rest/api/2/issue/13210407',2019-03-16T18:29:34.000+0000, '2019-01-18T15:17:34.000+0000',57.13333333333333,600,219
'13036493', 'TWILL-206', 'https://issues.apache.org/jira/rest/api/2/issue/13036493',2017-04-03T01:57:34.000+0000, '2017-01-20T09:57:34.000+0000',72.66666666666667,1200,119
'13319662', 'KAFKA-10316', 'https://issues.apache.org/jira/rest/api/2/issue/13319662',2020-07-28T16:59:55.000+0000, '2020-07-28T02:35:55.000+0000',0.6,9000,754
'13411169', 'HADOOP-18003', 'https://issues.apache.org/jira/rest/api/2/issue/13411169',2021-11-11T08:11:12.000+0000, '2021-11-11T01:47:12.000+0000',0.26666666666666666,8400,315
'13113679', 'DAFFODIL-261', 'https://issues.apache.org/jira/rest/api/2/issue/13113679',2012-11-21T14:10:22.000+0000, '2012-07-26T12:34:22.000+0000',118.06666666666666,2880,131
'13283188', 'TEPHRA-305', 'https://issues.apache.org/jira/rest/api/2/issue/13283188',2020-02-04T22:56:49.000+0000, '2020-02-04T08:32:49.000+0000',0.6,1200,145
'13298872', 'INFRA-20127', 'https://issues.apache.org/jira/rest/api/2/issue/13298872',2020-04-16T22:12:32.000+0000, '2020-04-16T17:24:32.000+0000',0.2,5400,513
'13281798', 'JEXL-324', 'https://issues.apache.org/jira/rest/api/2/issue/13281798',2020-01-27T20:35:01.000+0000, '2020-01-27T20:35:01.000+0000',0.0,1200,1855
'13216726', 'CASSANDRASC-9', 'https://issues.apache.org/jira/rest/api/2/issue/13216726',2019-02-19T22:24:27.000+0000, '2019-02-19T19:12:27.000+0000',0.13333333333333333,1200,183
'12928816', 'TAP5-2525', 'https://issues.apache.org/jira/rest/api/2/issue/12928816',2016-01-13T09:56:05.000+0000, '2016-01-09T01:56:05.000+0000',4.333333333333333,1200,1217
'13258220', 'JSPF-105', 'https://issues.apache.org/jira/rest/api/2/issue/13258220',2019-09-23T15:40:46.000+0000, '2019-09-23T04:28:46.000+0000',0.4666666666666667,13800,368
'13239307', 'FLUME-3338', 'https://issues.apache.org/jira/rest/api/2/issue/13239307',2019-06-22T08:40:19.000+0000, '2019-06-13T15:04:19.000+0000',8.733333333333333,3600,511
'13184996', 'MPOM-209', 'https://issues.apache.org/jira/rest/api/2/issue/13184996',2018-09-22T08:55:18.000+0000, '2018-09-13T20:07:18.000+0000',8.533333333333333,2400,123
'13260210', 'EAGLE-1101', 'https://issues.apache.org/jira/rest/api/2/issue/13260210',2019-10-02T22:53:36.000+0000, '2019-10-02T22:53:36.000+0000',0.0,600,952
'13226290', 'AIRAVATA-3008', 'https://issues.apache.org/jira/rest/api/2/issue/13226290',2019-04-07T05:07:49.000+0000, '2019-04-05T01:55:49.000+0000',2.1333333333333333,1200,494
'13219367', 'ANY23-429', 'https://issues.apache.org/jira/rest/api/2/issue/13219367',2019-03-04T20:54:12.000+0000, '2019-03-04T19:18:12.000+0000',0.06666666666666667,1200,5957
'13203301', 'MPH-160', 'https://issues.apache.org/jira/rest/api/2/issue/13203301',2018-12-18T01:32:12.000+0000, '2018-12-09T19:08:12.000+0000',8.266666666666667,1200,5336
'13197993', 'FLINK-10858', 'https://issues.apache.org/jira/rest/api/2/issue/13197993',2018-11-24T05:57:21.000+0000, '2018-11-13T09:09:21.000+0000',10.866666666666667,600,393
'13189156', 'IO-585', 'https://issues.apache.org/jira/rest/api/2/issue/13189156',2018-12-07T17:50:39.000+0000, '2018-10-03T13:02:39.000+0000',65.2,6000,124
'13280224', 'MYFACES-4318', 'https://issues.apache.org/jira/rest/api/2/issue/13280224',2020-02-10T11:41:01.000+0000, '2020-01-17T21:17:01.000+0000',23.6,600,169
'13241321', 'MSITE-842', 'https://issues.apache.org/jira/rest/api/2/issue/13241321',2019-06-25T04:06:16.000+0000, '2019-06-24T18:30:16.000+0000',0.4,1200,2508
'13264830', 'WAGON-573', 'https://issues.apache.org/jira/rest/api/2/issue/13264830',2019-11-04T22:24:42.000+0000, '2019-10-28T14:24:42.000+0000',7.333333333333333,1200,79
'13281223', 'SCIMPLE-87', 'https://issues.apache.org/jira/rest/api/2/issue/13281223',2020-01-23T20:14:47.000+0000, '2020-01-23T15:26:47.000+0000',0.2,1200,185
'13210557', 'COLLECTIONS-709', 'https://issues.apache.org/jira/rest/api/2/issue/13210557',2019-01-19T23:30:11.000+0000, '2019-01-19T23:30:11.000+0000',0.0,1800,848
'13205143', 'DISPATCH-1225', 'https://issues.apache.org/jira/rest/api/2/issue/13205143',2018-12-18T22:39:09.000+0000, '2018-12-18T14:39:09.000+0000',0.3333333333333333,1200,191
'13011351', 'FLAGON-103', 'https://issues.apache.org/jira/rest/api/2/issue/13011351',2016-10-12T02:56:34.000+0000, '2016-10-11T14:08:34.000+0000',0.5333333333333333,14400,31
'13231024', 'BEAM-7194', 'https://issues.apache.org/jira/rest/api/2/issue/13231024',2019-05-03T09:38:48.000+0000, '2019-05-01T00:02:48.000+0000',2.4,8400,67
'12926018', 'APEXMALHAR-1958', 'https://issues.apache.org/jira/rest/api/2/issue/12926018',2015-12-29T20:54:37.000+0000, '2015-12-29T09:42:37.000+0000',0.4666666666666667,57600,165
'13245611', 'TEPHRA-304', 'https://issues.apache.org/jira/rest/api/2/issue/13245611',2019-07-17T19:46:26.000+0000, '2019-07-17T19:46:26.000+0000',0.0,2400,327
'13268979', 'IOTDB-306', 'https://issues.apache.org/jira/rest/api/2/issue/13268979',2019-11-24T17:49:25.000+0000, '2019-11-18T03:25:25.000+0000',6.6,3000,1548
'13243060', 'TRAFODION-3315', 'https://issues.apache.org/jira/rest/api/2/issue/13243060',2019-07-04T00:11:41.000+0000, '2019-07-03T17:47:41.000+0000',0.26666666666666666,2400,385
'13278456', 'HDDS-2859', 'https://issues.apache.org/jira/rest/api/2/issue/13278456',2020-01-10T01:08:24.000+0000, '2020-01-09T13:56:24.000+0000',0.4666666666666667,1800,535
'13278609', 'IOTDB-412', 'https://issues.apache.org/jira/rest/api/2/issue/13278609',2020-01-11T17:10:16.000+0000, '2020-01-10T04:22:16.000+0000',1.5333333333333334,1200,139
'13211738', 'LENS-1541', 'https://issues.apache.org/jira/rest/api/2/issue/13211738',2019-01-31T05:31:15.000+0000, '2019-01-25T07:07:15.000+0000',5.933333333333334,600,226
'13261145', 'MINIFI-518', 'https://issues.apache.org/jira/rest/api/2/issue/13261145',2019-10-08T15:45:02.000+0000, '2019-10-08T15:45:02.000+0000',0.0,3000,1533
'13438559', 'ZOOKEEPER-4515', 'https://issues.apache.org/jira/rest/api/2/issue/13438559',2022-04-08T11:54:59.000+0000, '2022-04-08T10:18:59.000+0000',0.06666666666666667,4200,198
'13275710', 'JENA-1804', 'https://issues.apache.org/jira/rest/api/2/issue/13275710',2019-12-20T15:47:38.000+0000, '2019-12-20T10:59:38.000+0000',0.2,1200,499
'13278239', 'MDEPLOY-265', 'https://issues.apache.org/jira/rest/api/2/issue/13278239',2020-02-01T03:36:14.000+0000, '2020-01-08T19:36:14.000+0000',23.333333333333332,600,74
'13322410', 'IMAGING-263', 'https://issues.apache.org/jira/rest/api/2/issue/13322410',2020-08-12T23:13:50.000+0000, '2020-08-12T23:13:50.000+0000',0.0,3000,2228
'13362002', 'MAILBOX-405', 'https://issues.apache.org/jira/rest/api/2/issue/13362002',2021-03-03T16:49:26.000+0000, '2021-03-03T04:01:26.000+0000',0.5333333333333333,16200,480
'13371802', 'YETUS-1107', 'https://issues.apache.org/jira/rest/api/2/issue/13371802',2021-04-25T16:31:47.000+0000, '2021-04-12T13:19:47.000+0000',13.133333333333333,4800,423
'13359808', 'BROOKLYN-629', 'https://issues.apache.org/jira/rest/api/2/issue/13359808',2021-02-21T13:59:19.000+0000, '2021-02-20T17:11:19.000+0000',0.8666666666666667,3600,299
'13386030', 'HDFS-16091', 'https://issues.apache.org/jira/rest/api/2/issue/13386030',2021-07-05T06:35:04.000+0000, '2021-06-26T20:59:04.000+0000',8.4,10800,105
'13270801', 'SDAP-214', 'https://issues.apache.org/jira/rest/api/2/issue/13270801',2019-11-27T05:44:26.000+0000, '2019-11-26T20:08:26.000+0000',0.4,1200,370
'12960838', 'HBASE-15685', 'https://issues.apache.org/jira/rest/api/2/issue/12960838',2016-04-22T02:51:43.000+0000, '2016-04-21T17:15:43.000+0000',0.4,10800,292
'13308232', 'ARROW-8979', 'https://issues.apache.org/jira/rest/api/2/issue/13308232',2020-05-29T18:43:17.000+0000, '2020-05-29T05:55:17.000+0000',0.5333333333333333,7200,500
'13309320', 'INLONG-197', 'https://issues.apache.org/jira/rest/api/2/issue/13309320',2020-06-05T02:18:10.000+0000, '2020-06-04T02:18:10.000+0000',1.0,7200,306
'13043977', 'MRELEASE-980', 'https://issues.apache.org/jira/rest/api/2/issue/13043977',2017-04-26T19:17:16.000+0000, '2017-02-17T12:53:16.000+0000',68.26666666666667,600,751
'13252085', 'MYRIAD-318', 'https://issues.apache.org/jira/rest/api/2/issue/13252085',2019-08-21T17:31:39.000+0000, '2019-08-21T09:31:39.000+0000',0.3333333333333333,1200,156
'13120255', 'CLEREZZA-1023', 'https://issues.apache.org/jira/rest/api/2/issue/13120255',2018-03-05T05:52:01.000+0000, '2017-11-22T15:28:01.000+0000',102.6,1200,124
'13032652', 'MESOS-6874', 'https://issues.apache.org/jira/rest/api/2/issue/13032652',2017-03-01T05:44:05.000+0000, '2017-01-06T20:08:05.000+0000',53.4,2400,653
'13343897', 'SEDONA-4', 'https://issues.apache.org/jira/rest/api/2/issue/13343897',2021-01-05T11:55:09.000+0000, '2020-12-03T03:55:09.000+0000',33.333333333333336,1200,43
'13375411', 'ATLAS-4263', 'https://issues.apache.org/jira/rest/api/2/issue/13375411',2021-04-28T03:55:47.000+0000, '2021-04-27T18:19:47.000+0000',0.4,3600,1696
'13364006', 'MNEMONIC-633', 'https://issues.apache.org/jira/rest/api/2/issue/13364006',2021-03-17T01:24:51.000+0000, '2021-03-12T04:36:51.000+0000',4.866666666666666,1800,51
'13217178', 'SQOOP-3427', 'https://issues.apache.org/jira/rest/api/2/issue/13217178',2019-02-23T02:32:35.000+0000, '2019-02-21T12:08:35.000+0000',1.6,4800,16
'13411326', 'HTTPCLIENT-2184', 'https://issues.apache.org/jira/rest/api/2/issue/13411326',2021-11-11T18:45:45.000+0000, '2021-11-11T17:09:45.000+0000',0.06666666666666667,3000,1034
'13209651', 'ARTEMIS-2229', 'https://issues.apache.org/jira/rest/api/2/issue/13209651',2019-01-15T13:58:58.000+0000, '2019-01-15T13:58:58.000+0000',0.0,1200,1840
'12904020', 'DOXIASITETOOLS-109', 'https://issues.apache.org/jira/rest/api/2/issue/12904020',2016-01-26T05:56:59.000+0000, '2015-10-11T07:32:59.000+0000',106.93333333333334,1200,434
'13190071', 'FEDIZ-232', 'https://issues.apache.org/jira/rest/api/2/issue/13190071',2018-10-17T10:27:40.000+0000, '2018-10-08T12:03:40.000+0000',8.933333333333334,600,1091
'13288888', 'CXF-8229', 'https://issues.apache.org/jira/rest/api/2/issue/13288888',2020-03-02T20:31:49.000+0000, '2020-03-02T14:07:49.000+0000',0.26666666666666666,1200,419
'13269461', 'LIVY-714', 'https://issues.apache.org/jira/rest/api/2/issue/13269461',2019-11-20T09:49:14.000+0000, '2019-11-20T01:49:14.000+0000',0.3333333333333333,1200,438
'13219645', 'JDO-778', 'https://issues.apache.org/jira/rest/api/2/issue/13219645',2019-03-26T14:58:54.000+0000, '2019-03-05T19:46:54.000+0000',20.8,3000,1068
'13287088', 'MCHANGES-405', 'https://issues.apache.org/jira/rest/api/2/issue/13287088',2020-02-26T19:45:38.000+0000, '2020-02-23T19:45:38.000+0000',3.0,2400,60
'13380820', 'RANGER-3298', 'https://issues.apache.org/jira/rest/api/2/issue/13380820',2021-06-09T14:36:44.000+0000, '2021-05-27T16:12:44.000+0000',12.933333333333334,2400,605
'13218158', 'HELIX-805', 'https://issues.apache.org/jira/rest/api/2/issue/13218158',2019-02-26T19:40:18.000+0000, '2019-02-26T19:40:18.000+0000',0.0,1200,1218
'13231526', 'DELTASPIKE-1377', 'https://issues.apache.org/jira/rest/api/2/issue/13231526',2019-05-10T12:35:34.000+0000, '2019-05-03T20:35:34.000+0000',6.666666666666667,1200,1480
'12498315', 'SHIRO-261', 'https://issues.apache.org/jira/rest/api/2/issue/12498315',2011-10-26T12:07:38.000+0000, '2011-02-11T02:31:38.000+0000',257.4,19800,101
'13216086', 'MSCRIPTING-1', 'https://issues.apache.org/jira/rest/api/2/issue/13216086',2019-02-17T05:54:52.000+0000, '2019-02-15T21:54:52.000+0000',1.3333333333333333,600,277
'13251369', 'GEOMETRY-60', 'https://issues.apache.org/jira/rest/api/2/issue/13251369',2019-08-19T17:36:39.000+0000, '2019-08-17T03:12:39.000+0000',2.6,1200,44
'13401319', 'SSHD-1213', 'https://issues.apache.org/jira/rest/api/2/issue/13401319',2021-09-15T10:40:44.000+0000, '2021-09-15T09:04:44.000+0000',0.06666666666666667,1200,258
'13019344', 'ACCUMULO-4516', 'https://issues.apache.org/jira/rest/api/2/issue/13019344',2017-01-07T11:54:53.000+0000, '2016-11-08T19:54:53.000+0000',59.666666666666664,1800,141
'13253770', 'SOLR-13727', 'https://issues.apache.org/jira/rest/api/2/issue/13253770',2019-08-30T04:34:33.000+0000, '2019-08-29T18:58:33.000+0000',0.4,4800,605
'13392916', 'LIMINAL-82', 'https://issues.apache.org/jira/rest/api/2/issue/13392916',2021-08-08T18:52:26.000+0000, '2021-08-01T09:16:26.000+0000',7.4,3600,54
'13227931', 'MSHADE-318', 'https://issues.apache.org/jira/rest/api/2/issue/13227931',2019-04-18T22:47:04.000+0000, '2019-04-14T09:59:04.000+0000',4.533333333333333,1200,319
'13250592', 'MINIFI-510', 'https://issues.apache.org/jira/rest/api/2/issue/13250592',2019-08-13T16:17:51.000+0000, '2019-08-13T16:17:51.000+0000',0.0,1200,1140
'13219274', 'CXF-7989', 'https://issues.apache.org/jira/rest/api/2/issue/13219274',2019-03-05T14:48:26.000+0000, '2019-03-04T13:12:26.000+0000',1.0666666666666667,1200,144
'13182816', 'MEAR-271', 'https://issues.apache.org/jira/rest/api/2/issue/13182816',2018-09-08T23:28:51.000+0000, '2018-09-04T13:52:51.000+0000',4.4,600,359
'13173577', 'MCHECKSTYLE-358', 'https://issues.apache.org/jira/rest/api/2/issue/13173577',2018-09-17T10:34:47.000+0000, '2018-07-21T05:46:47.000+0000',58.2,1200,350
'13335435', 'OLINGO-1487', 'https://issues.apache.org/jira/rest/api/2/issue/13335435',2020-11-17T10:00:51.000+0000, '2020-10-14T14:48:51.000+0000',33.8,1800,119
'13263565', 'BEANUTILS-528', 'https://issues.apache.org/jira/rest/api/2/issue/13263565',2019-10-21T14:31:44.000+0000, '2019-10-21T14:31:44.000+0000',0.0,1200,1123
'13450591', 'HIVE-26340', 'https://issues.apache.org/jira/rest/api/2/issue/13450591',2022-06-17T10:47:10.000+0000, '2022-06-17T10:47:10.000+0000',0.0,1200,3013
'13187096', 'PIO-172', 'https://issues.apache.org/jira/rest/api/2/issue/13187096',2018-10-04T14:42:46.000+0000, '2018-09-24T17:54:46.000+0000',9.866666666666667,1200,343
'13237127', 'BVAL-176', 'https://issues.apache.org/jira/rest/api/2/issue/13237127',2019-06-03T00:20:16.000+0000, '2019-06-02T22:44:16.000+0000',0.06666666666666667,4800,2101
'12958441', 'MWAR-371', 'https://issues.apache.org/jira/rest/api/2/issue/12958441',2016-06-19T04:53:09.000+0000, '2016-04-13T11:17:09.000+0000',66.73333333333333,1200,823
'13380911', 'JDKIM-46', 'https://issues.apache.org/jira/rest/api/2/issue/13380911',2021-06-04T00:02:36.000+0000, '2021-05-28T06:26:36.000+0000',6.733333333333333,1200,54
'13261101', 'ARIES-1934', 'https://issues.apache.org/jira/rest/api/2/issue/13261101',2019-10-11T03:44:50.000+0000, '2019-10-08T11:44:50.000+0000',2.6666666666666665,1200,315
'13293336', 'GORA-649', 'https://issues.apache.org/jira/rest/api/2/issue/13293336',2020-03-24T00:09:53.000+0000, '2020-03-23T16:09:53.000+0000',0.3333333333333333,1800,1964
'13234024', 'PARQUET-1581', 'https://issues.apache.org/jira/rest/api/2/issue/13234024',2019-05-17T21:33:11.000+0000, '2019-05-17T18:21:11.000+0000',0.13333333333333333,9000,754
'13137738', 'DOXIA-570', 'https://issues.apache.org/jira/rest/api/2/issue/13137738',2018-03-15T07:50:15.000+0000, '2018-02-11T20:38:15.000+0000',31.466666666666665,600,295
'13112832', 'MASSEMBLY-871', 'https://issues.apache.org/jira/rest/api/2/issue/13112832',2017-11-29T10:18:54.000+0000, '2017-10-28T16:42:54.000+0000',31.733333333333334,1200,1397
'13414903', 'LOG4NET-680', 'https://issues.apache.org/jira/rest/api/2/issue/13414903',2021-12-02T19:46:41.000+0000, '2021-12-01T21:22:41.000+0000',0.9333333333333333,2400,229
'13155907', 'FLINK-9272', 'https://issues.apache.org/jira/rest/api/2/issue/13155907',2018-06-10T09:59:55.000+0000, '2018-04-28T16:23:55.000+0000',42.733333333333334,1200,112
'13101237', 'MENFORCER-281', 'https://issues.apache.org/jira/rest/api/2/issue/13101237',2017-09-19T08:28:30.000+0000, '2017-09-11T11:40:30.000+0000',7.866666666666666,600,1317
'13243412', 'MSITE-843', 'https://issues.apache.org/jira/rest/api/2/issue/13243412',2019-07-05T19:05:30.000+0000, '2019-07-05T15:53:30.000+0000',0.13333333333333333,1200,168
'13242678', 'SCB-1343', 'https://issues.apache.org/jira/rest/api/2/issue/13242678',2019-07-02T16:29:18.000+0000, '2019-07-02T08:29:18.000+0000',0.3333333333333333,1200,60
'12773447', 'MARMOTTA-589', 'https://issues.apache.org/jira/rest/api/2/issue/12773447',2015-03-11T10:04:47.000+0000, '2015-02-09T13:16:47.000+0000',29.866666666666667,3600,106
'13434760', 'FTPSERVER-508', 'https://issues.apache.org/jira/rest/api/2/issue/13434760',2022-03-22T07:51:51.000+0000, '2022-03-20T20:39:51.000+0000',1.4666666666666666,1200,112
'13236992', 'SYNAPSE-1104', 'https://issues.apache.org/jira/rest/api/2/issue/13236992',2019-06-11T21:37:57.000+0000, '2019-05-31T23:13:57.000+0000',10.933333333333334,1200,321
'13234927', 'TRAINING-15', 'https://issues.apache.org/jira/rest/api/2/issue/13234927',2019-05-23T02:30:25.000+0000, '2019-05-22T15:18:25.000+0000',0.4666666666666667,1200,168
'13207269', 'HTTPCLIENT-1957', 'https://issues.apache.org/jira/rest/api/2/issue/13207269',2019-01-02T11:40:20.000+0000, '2019-01-02T11:40:20.000+0000',0.0,1200,1229
'12484166', 'AMQNET-185', 'https://issues.apache.org/jira/rest/api/2/issue/12484166',2010-02-11T19:35:56.000+0000, '2009-09-10T19:35:56.000+0000',154.0,7200,87
'13259445', 'MASSEMBLY-922', 'https://issues.apache.org/jira/rest/api/2/issue/13259445',2019-10-12T07:03:30.000+0000, '2019-09-28T19:51:30.000+0000',13.466666666666667,1200,257
'13255655', 'SYNCOPE-1489', 'https://issues.apache.org/jira/rest/api/2/issue/13255655',2019-09-10T00:00:55.000+0000, '2019-09-09T14:24:55.000+0000',0.4,3600,280
'13312842', 'SSHD-1020', 'https://issues.apache.org/jira/rest/api/2/issue/13312842',2020-06-24T13:55:47.000+0000, '2020-06-22T13:55:47.000+0000',2.0,1200,886
'13397628', 'TAP5-2689', 'https://issues.apache.org/jira/rest/api/2/issue/13397628',2021-09-02T07:00:29.000+0000, '2021-08-26T18:12:29.000+0000',6.533333333333333,1200,405
'13354956', 'MINIFICPP-1459', 'https://issues.apache.org/jira/rest/api/2/issue/13354956',2021-01-28T00:20:05.000+0000, '2021-01-27T14:44:05.000+0000',0.4,2400,357
'13383775', 'WW-5132', 'https://issues.apache.org/jira/rest/api/2/issue/13383775',2021-06-15T13:05:05.000+0000, '2021-06-14T17:53:05.000+0000',0.8,5400,159
'13386610', 'JCLOUDS-1581', 'https://issues.apache.org/jira/rest/api/2/issue/13386610',2021-06-29T22:19:07.000+0000, '2021-06-29T22:19:07.000+0000',0.0,1200,4722
'13222268', 'FILEUPLOAD-296', 'https://issues.apache.org/jira/rest/api/2/issue/13222268',2019-03-18T21:04:23.000+0000, '2019-03-18T09:52:23.000+0000',0.4666666666666667,2400,469
'13246639', 'WHIMSY-279', 'https://issues.apache.org/jira/rest/api/2/issue/13246639',2019-07-24T05:01:44.000+0000, '2019-07-23T17:49:44.000+0000',0.4666666666666667,1800,235
'12936635', 'MARMOTTA-626', 'https://issues.apache.org/jira/rest/api/2/issue/12936635',2016-02-10T04:22:45.000+0000, '2016-02-04T07:34:45.000+0000',5.866666666666666,18000,528
'13190036', 'XMLBEANS-521', 'https://issues.apache.org/jira/rest/api/2/issue/13190036',2018-10-18T02:32:26.000+0000, '2018-10-08T08:56:26.000+0000',9.733333333333333,600,333
'13242939', 'ARCHETYPE-569', 'https://issues.apache.org/jira/rest/api/2/issue/13242939',2019-07-06T11:52:49.000+0000, '2019-07-03T08:40:49.000+0000',3.1333333333333333,1200,389
'13291949', 'SUBMARINE-432', 'https://issues.apache.org/jira/rest/api/2/issue/13291949',2020-03-16T11:37:07.000+0000, '2020-03-16T11:37:07.000+0000',0.0,1200,1267
'13226578', 'MINDEXER-115', 'https://issues.apache.org/jira/rest/api/2/issue/13226578',2019-04-10T00:38:08.000+0000, '2019-04-07T19:50:08.000+0000',2.2,1200,602
'13220082', 'NEMO-350', 'https://issues.apache.org/jira/rest/api/2/issue/13220082',2019-03-14T10:33:21.000+0000, '2019-03-07T02:33:21.000+0000',7.333333333333333,2400,211
'13251768', 'GRIFFIN-281', 'https://issues.apache.org/jira/rest/api/2/issue/13251768',2019-08-20T10:40:15.000+0000, '2019-08-20T07:28:15.000+0000',0.13333333333333333,2400,937
'13293208', 'FELIX-6246', 'https://issues.apache.org/jira/rest/api/2/issue/13293208',2020-03-29T13:45:32.000+0000, '2020-03-22T23:21:32.000+0000',6.6,600,382
'13432050', 'FTPSERVER-506', 'https://issues.apache.org/jira/rest/api/2/issue/13432050',2022-03-07T08:06:46.000+0000, '2022-03-04T16:06:46.000+0000',2.6666666666666665,4800,826
'13257152', 'MPIR-385', 'https://issues.apache.org/jira/rest/api/2/issue/13257152',2019-09-25T20:20:46.000+0000, '2019-09-17T15:32:46.000+0000',8.2,1200,138
'13354013', 'SLING-10087', 'https://issues.apache.org/jira/rest/api/2/issue/13354013',2021-01-27T08:16:23.000+0000, '2021-01-22T17:52:23.000+0000',4.6,12600,109
'13271620', 'FINERACT-805', 'https://issues.apache.org/jira/rest/api/2/issue/13271620',2019-12-15T01:39:35.000+0000, '2019-12-02T06:27:35.000+0000',12.8,2400,294
'13272493', 'PLC4X-160', 'https://issues.apache.org/jira/rest/api/2/issue/13272493',2019-12-07T16:12:18.000+0000, '2019-12-05T13:00:18.000+0000',2.1333333333333333,1200,79
'13017929', 'TS-5036', 'https://issues.apache.org/jira/rest/api/2/issue/13017929',2016-11-04T03:40:08.000+0000, '2016-11-04T03:40:08.000+0000',0.0,3000,2268
'13217310', 'CASSANDRASC-11', 'https://issues.apache.org/jira/rest/api/2/issue/13217310',2019-02-22T15:40:28.000+0000, '2019-02-21T22:04:28.000+0000',0.7333333333333333,1200,89
'13257187', 'CELIX-468', 'https://issues.apache.org/jira/rest/api/2/issue/13257187',2019-09-17T22:51:22.000+0000, '2019-09-17T18:03:22.000+0000',0.2,3000,495
'13310121', 'KUDU-3145', 'https://issues.apache.org/jira/rest/api/2/issue/13310121',2020-06-08T16:23:58.000+0000, '2020-06-08T11:35:58.000+0000',0.2,1200,415
'13222938', 'TAMAYA-385', 'https://issues.apache.org/jira/rest/api/2/issue/13222938',2019-03-20T22:21:28.000+0000, '2019-03-20T20:45:28.000+0000',0.06666666666666667,3600,943
'13179504', 'OPENJPA-2747', 'https://issues.apache.org/jira/rest/api/2/issue/13179504',2018-08-30T13:33:59.000+0000, '2018-08-17T05:33:59.000+0000',13.333333333333334,600,128
'13273953', 'STREAMS-650', 'https://issues.apache.org/jira/rest/api/2/issue/13273953',2019-12-11T20:18:49.000+0000, '2019-12-11T20:18:49.000+0000',0.0,1200,1275
'13286792', 'MCHANGES-404', 'https://issues.apache.org/jira/rest/api/2/issue/13286792',2020-02-21T13:38:40.000+0000, '2020-02-21T13:38:40.000+0000',0.0,1200,2299
'13294281', 'DATAFU-153', 'https://issues.apache.org/jira/rest/api/2/issue/13294281',2020-03-26T19:04:58.000+0000, '2020-03-26T19:04:58.000+0000',0.0,1800,761
'13129489', 'TEXT-111', 'https://issues.apache.org/jira/rest/api/2/issue/13129489',2018-02-06T07:07:10.000+0000, '2018-01-09T10:19:10.000+0000',27.866666666666667,4200,165
'13267273', 'MANTRUN-221', 'https://issues.apache.org/jira/rest/api/2/issue/13267273',2019-11-11T21:29:33.000+0000, '2019-11-09T15:05:33.000+0000',2.2666666666666666,1200,711
'13182938', 'MYFACES-4251', 'https://issues.apache.org/jira/rest/api/2/issue/13182938',2018-09-13T03:29:57.000+0000, '2018-09-04T21:05:57.000+0000',8.266666666666667,2400,5931
'13341982', 'COMPRESS-559', 'https://issues.apache.org/jira/rest/api/2/issue/13341982',2020-11-24T17:46:14.000+0000, '2020-11-22T12:58:14.000+0000',2.2,7200,310
'13225788', 'CAY-2557', 'https://issues.apache.org/jira/rest/api/2/issue/13225788',2019-04-08T00:51:00.000+0000, '2019-04-03T12:03:00.000+0000',4.533333333333333,1200,76
'13267609', 'IVY-1615', 'https://issues.apache.org/jira/rest/api/2/issue/13267609',2019-12-15T16:37:21.000+0000, '2019-11-12T05:25:21.000+0000',33.46666666666667,3600,192
'13344155', 'CRYPTO-153', 'https://issues.apache.org/jira/rest/api/2/issue/13344155',2020-12-05T13:52:07.000+0000, '2020-12-04T05:52:07.000+0000',1.3333333333333333,1800,76
'13329176', 'BIGTOP-3415', 'https://issues.apache.org/jira/rest/api/2/issue/13329176',2020-09-24T11:45:50.000+0000, '2020-09-24T10:09:50.000+0000',0.06666666666666667,3600,1305
'13189919', 'NETBEANSINFRA-139', 'https://issues.apache.org/jira/rest/api/2/issue/13189919',2018-10-06T23:47:55.000+0000, '2018-10-06T22:11:55.000+0000',0.06666666666666667,1800,237
'13262686', 'PHOENIX-5531', 'https://issues.apache.org/jira/rest/api/2/issue/13262686',2019-10-19T21:21:49.000+0000, '2019-10-16T18:09:49.000+0000',3.1333333333333333,12600,1098
'13297913', 'OPENMEETINGS-2256', 'https://issues.apache.org/jira/rest/api/2/issue/13297913',2020-04-12T21:13:43.000+0000, '2020-04-12T21:13:43.000+0000',0.0,1200,679
'13297778', 'XALANC-790', 'https://issues.apache.org/jira/rest/api/2/issue/13297778',2020-04-11T15:15:19.000+0000, '2020-04-11T15:15:19.000+0000',0.0,1200,2149
'13291436', 'MNGSITE-398', 'https://issues.apache.org/jira/rest/api/2/issue/13291436',2020-03-13T06:31:24.000+0000, '2020-03-12T22:31:24.000+0000',0.3333333333333333,1200,1021
'13275874', 'GROOVY-9352', 'https://issues.apache.org/jira/rest/api/2/issue/13275874',2019-12-21T14:21:37.000+0000, '2019-12-21T14:21:37.000+0000',0.0,3600,1518
'13150587', 'AMBARI-23493', 'https://issues.apache.org/jira/rest/api/2/issue/13150587',2018-04-09T01:57:25.000+0000, '2018-04-06T13:09:25.000+0000',2.533333333333333,4200,265
'13242328', 'WHIMSY-274', 'https://issues.apache.org/jira/rest/api/2/issue/13242328',2019-06-30T12:35:58.000+0000, '2019-06-30T01:23:58.000+0000',0.4666666666666667,1200,545
'12969905', 'DIRKRB-570', 'https://issues.apache.org/jira/rest/api/2/issue/12969905',2016-05-16T15:58:37.000+0000, '2016-05-16T04:46:37.000+0000',0.4666666666666667,600,91
'13227049', 'GEODE-6624', 'https://issues.apache.org/jira/rest/api/2/issue/13227049',2019-04-12T15:25:06.000+0000, '2019-04-09T21:49:06.000+0000',2.7333333333333334,9600,1361
'13336852', 'CALCITE-4350', 'https://issues.apache.org/jira/rest/api/2/issue/13336852',2020-10-23T21:59:30.000+0000, '2020-10-23T05:59:30.000+0000',0.6666666666666666,1200,498
'13265939', 'RAT-260', 'https://issues.apache.org/jira/rest/api/2/issue/13265939',2019-11-03T10:41:04.000+0000, '2019-11-03T09:05:04.000+0000',0.06666666666666667,1200,2401
'13145939', 'XMLSCHEMA-51', 'https://issues.apache.org/jira/rest/api/2/issue/13145939',2018-04-30T04:19:55.000+0000, '2018-03-17T09:07:55.000+0000',43.8,1200,1887
'13226264', 'IMPALA-8389', 'https://issues.apache.org/jira/rest/api/2/issue/13226264',2019-04-05T08:55:20.000+0000, '2019-04-04T21:43:20.000+0000',0.4666666666666667,10800,1158
'13298796', 'SM-4352', 'https://issues.apache.org/jira/rest/api/2/issue/13298796',2020-04-29T20:09:55.000+0000, '2020-04-16T12:09:55.000+0000',13.333333333333334,4200,2900
'13223229', 'ATLAS-3092', 'https://issues.apache.org/jira/rest/api/2/issue/13223229',2019-03-22T15:48:15.000+0000, '2019-03-21T23:48:15.000+0000',0.6666666666666666,3600,452
'13241341', 'ORC-523', 'https://issues.apache.org/jira/rest/api/2/issue/13241341',2019-06-25T09:40:54.000+0000, '2019-06-24T20:52:54.000+0000',0.5333333333333333,1200,82
'13255901', 'NIFILIBS-1', 'https://issues.apache.org/jira/rest/api/2/issue/13255901',2019-09-24T01:20:31.000+0000, '2019-09-10T14:08:31.000+0000',13.466666666666667,1200,93
'13362679', 'TOMEE-2974', 'https://issues.apache.org/jira/rest/api/2/issue/13362679',2021-03-05T23:39:09.000+0000, '2021-03-05T18:51:09.000+0000',0.2,1200,451
'13248582', 'BVAL-177', 'https://issues.apache.org/jira/rest/api/2/issue/13248582',2019-08-02T12:50:29.000+0000, '2019-08-02T12:50:29.000+0000',0.0,1200,1168
'13082312', 'JOHNZON-131', 'https://issues.apache.org/jira/rest/api/2/issue/13082312',2017-06-24T13:24:44.000+0000, '2017-06-24T13:24:44.000+0000',0.0,600,1165
'13380832', 'IMPALA-10721', 'https://issues.apache.org/jira/rest/api/2/issue/13380832',2021-05-28T03:53:02.000+0000, '2021-05-27T18:17:02.000+0000',0.4,2400,235
'13219248', 'LUCENENET-607', 'https://issues.apache.org/jira/rest/api/2/issue/13219248',2019-03-15T03:12:12.000+0000, '2019-03-04T09:36:12.000+0000',10.733333333333333,5400,2472
'13215946', 'FELIX-6058', 'https://issues.apache.org/jira/rest/api/2/issue/13215946',2019-03-28T08:50:48.000+0000, '2019-02-15T10:26:48.000+0000',40.93333333333333,600,43
'13097979', 'STORM-2712', 'https://issues.apache.org/jira/rest/api/2/issue/13097979',2017-08-30T01:38:16.000+0000, '2017-08-28T14:26:16.000+0000',1.4666666666666666,3600,424
'13114902', 'DAFFODIL-1483', 'https://issues.apache.org/jira/rest/api/2/issue/13114902',2016-03-31T07:35:27.000+0000, '2016-03-28T21:59:27.000+0000',2.4,240,560
'12997874', 'JOSHUA-299', 'https://issues.apache.org/jira/rest/api/2/issue/12997874',2016-08-21T06:00:53.000+0000, '2016-08-17T10:48:53.000+0000',3.8,120,211
'13229918', 'RNG-96', 'https://issues.apache.org/jira/rest/api/2/issue/13229918',2019-04-26T14:38:04.000+0000, '2019-04-24T16:14:04.000+0000',1.9333333333333333,3000,665
'13272329', 'ARIES-1956', 'https://issues.apache.org/jira/rest/api/2/issue/13272329',2019-12-04T22:16:05.000+0000, '2019-12-04T22:16:05.000+0000',0.0,600,1390
'13208500', 'CAY-2509', 'https://issues.apache.org/jira/rest/api/2/issue/13208500',2019-01-09T23:54:46.000+0000, '2019-01-09T09:30:46.000+0000',0.6,600,416
'13447507', 'IGNITE-17049', 'https://issues.apache.org/jira/rest/api/2/issue/13447507',2022-05-30T13:46:05.000+0000, '2022-05-30T10:34:05.000+0000',0.13333333333333333,1200,1090
'13249148', 'METAMODEL-1217', 'https://issues.apache.org/jira/rest/api/2/issue/13249148',2019-08-09T07:11:18.000+0000, '2019-08-06T15:11:18.000+0000',2.6666666666666665,3000,435
'13283306', 'MPMD-297', 'https://issues.apache.org/jira/rest/api/2/issue/13283306',2020-02-04T23:22:46.000+0000, '2020-02-04T18:34:46.000+0000',0.2,1200,1031
'13251477', 'HTTPCORE-593', 'https://issues.apache.org/jira/rest/api/2/issue/13251477',2019-08-18T20:43:15.000+0000, '2019-08-18T20:43:15.000+0000',0.0,1200,1113
'13403217', 'SOLR-15652', 'https://issues.apache.org/jira/rest/api/2/issue/13403217',2021-10-05T23:51:09.000+0000, '2021-09-24T20:39:09.000+0000',11.133333333333333,1200,348
'13273290', 'FINERACT-809', 'https://issues.apache.org/jira/rest/api/2/issue/13273290',2019-12-17T17:20:31.000+0000, '2019-12-09T09:20:31.000+0000',8.333333333333334,8400,102
'13190817', 'PIO-181', 'https://issues.apache.org/jira/rest/api/2/issue/13190817',2018-10-27T12:33:45.000+0000, '2018-10-11T04:33:45.000+0000',16.333333333333332,1200,84
'13398778', 'IO-746', 'https://issues.apache.org/jira/rest/api/2/issue/13398778',2021-09-01T20:14:08.000+0000, '2021-09-01T18:38:08.000+0000',0.06666666666666667,3000,1210
'13277268', 'ARCHETYPE-585', 'https://issues.apache.org/jira/rest/api/2/issue/13277268',2020-01-15T16:49:39.000+0000, '2020-01-02T21:37:39.000+0000',12.8,600,153
'13340718', 'DBCP-568', 'https://issues.apache.org/jira/rest/api/2/issue/13340718',2020-11-19T17:02:06.000+0000, '2020-11-15T18:38:06.000+0000',3.933333333333333,3600,1920
'13217640', 'AAR-232', 'https://issues.apache.org/jira/rest/api/2/issue/13217640',2019-02-25T04:14:59.000+0000, '2019-02-24T07:26:59.000+0000',0.8666666666666667,1200,208
'13187841', 'MENFORCER-319', 'https://issues.apache.org/jira/rest/api/2/issue/13187841',2018-10-07T06:16:21.000+0000, '2018-09-27T09:28:21.000+0000',9.866666666666667,600,5524
'13241510', 'NIFIREG-289', 'https://issues.apache.org/jira/rest/api/2/issue/13241510',2019-06-29T00:49:47.000+0000, '2019-06-25T15:13:47.000+0000',3.4,4200,241
'13204664', 'DOXIA-583', 'https://issues.apache.org/jira/rest/api/2/issue/13204664',2018-12-26T16:40:54.000+0000, '2018-12-15T16:40:54.000+0000',11.0,1200,1959
'13107217', 'MTOOLCHAINS-21', 'https://issues.apache.org/jira/rest/api/2/issue/13107217',2017-11-14T22:23:31.000+0000, '2017-10-05T12:47:31.000+0000',40.4,2400,444
'13362782', 'CURATOR-590', 'https://issues.apache.org/jira/rest/api/2/issue/13362782',2021-03-06T18:42:39.000+0000, '2021-03-06T15:30:39.000+0000',0.13333333333333333,13200,711
'13291305', 'OLINGO-1435', 'https://issues.apache.org/jira/rest/api/2/issue/13291305',2020-03-21T06:00:32.000+0000, '2020-03-12T12:24:32.000+0000',8.733333333333333,600,113
'13231375', 'AMATERASU-76', 'https://issues.apache.org/jira/rest/api/2/issue/13231375',2019-05-03T07:15:44.000+0000, '2019-05-02T23:15:44.000+0000',0.3333333333333333,1200,524
'13287094', 'MLINKCHECK-36', 'https://issues.apache.org/jira/rest/api/2/issue/13287094',2020-02-27T07:02:51.000+0000, '2020-02-23T19:50:51.000+0000',3.466666666666667,1200,60
'13277972', 'ISIS-2258', 'https://issues.apache.org/jira/rest/api/2/issue/13277972',2020-01-07T17:25:04.000+0000, '2020-01-07T17:25:04.000+0000',0.0,1200,3174
'13270340', 'CODEC-270', 'https://issues.apache.org/jira/rest/api/2/issue/13270340',2019-11-25T03:34:17.000+0000, '2019-11-24T22:46:17.000+0000',0.2,1200,1152
'13092531', 'MDEP-579', 'https://issues.apache.org/jira/rest/api/2/issue/13092531',2017-09-28T07:26:45.000+0000, '2017-08-04T17:02:45.000+0000',54.6,2400,913
'13298712', 'MGPG-78', 'https://issues.apache.org/jira/rest/api/2/issue/13298712',2020-04-16T19:03:09.000+0000, '2020-04-16T06:15:09.000+0000',0.5333333333333333,600,1257
'13378187', 'IMAGING-305', 'https://issues.apache.org/jira/rest/api/2/issue/13378187',2021-05-12T20:17:55.000+0000, '2021-05-12T20:17:55.000+0000',0.0,2400,1073
'13186807', 'CODEC-250', 'https://issues.apache.org/jira/rest/api/2/issue/13186807',2018-10-02T18:12:10.000+0000, '2018-09-22T13:24:10.000+0000',10.2,600,169
'13413418', 'YARN-11014', 'https://issues.apache.org/jira/rest/api/2/issue/13413418',2021-12-03T07:43:06.000+0000, '2021-11-23T15:43:06.000+0000',9.666666666666666,11400,2028
'13231154', 'PARQUET-1566', 'https://issues.apache.org/jira/rest/api/2/issue/13231154',2019-06-09T11:25:29.000+0000, '2019-05-01T22:37:29.000+0000',38.53333333333333,3600,189
'13363748', 'INLONG-576', 'https://issues.apache.org/jira/rest/api/2/issue/13363748',2021-03-11T14:23:43.000+0000, '2021-03-11T06:23:43.000+0000',0.3333333333333333,3000,226
'13218098', 'MYRIAD-289', 'https://issues.apache.org/jira/rest/api/2/issue/13218098',2019-02-26T13:52:40.000+0000, '2019-02-26T13:52:40.000+0000',0.0,2400,1260
'12664317', 'PROTOCOLS-106', 'https://issues.apache.org/jira/rest/api/2/issue/12664317',2014-03-03T12:37:10.000+0000, '2013-08-19T09:25:10.000+0000',196.13333333333333,1800,1150
'13222576', 'MCHECKSTYLE-371', 'https://issues.apache.org/jira/rest/api/2/issue/13222576',2019-04-07T19:37:56.000+0000, '2019-03-19T13:13:56.000+0000',19.266666666666666,1200,830
'13413421', 'IVY-1631', 'https://issues.apache.org/jira/rest/api/2/issue/13413421',2021-11-23T16:25:56.000+0000, '2021-11-23T16:25:56.000+0000',0.0,3000,2190
'13182381', 'SENTRY-2375', 'https://issues.apache.org/jira/rest/api/2/issue/13182381',2018-08-31T23:41:37.000+0000, '2018-08-31T15:41:37.000+0000',0.3333333333333333,90000,376
'12927797', 'SYSTEMDS-270', 'https://issues.apache.org/jira/rest/api/2/issue/12927797',2015-09-10T05:03:10.000+0000, '2015-09-01T19:27:10.000+0000',8.4,28800,317
'13152514', 'GEODE-5082', 'https://issues.apache.org/jira/rest/api/2/issue/13152514',2018-04-15T11:44:05.000+0000, '2018-04-15T00:32:05.000+0000',0.4666666666666667,1800,768
'13227782', 'ZOOKEEPER-3362', 'https://issues.apache.org/jira/rest/api/2/issue/13227782',2019-04-14T11:17:18.000+0000, '2019-04-12T19:17:18.000+0000',1.6666666666666667,17400,526
'13238566', 'MRESOURCES-250', 'https://issues.apache.org/jira/rest/api/2/issue/13238566',2019-08-10T06:41:57.000+0000, '2019-06-10T16:17:57.000+0000',60.6,600,123
'13240441', 'MATH-1492', 'https://issues.apache.org/jira/rest/api/2/issue/13240441',2019-06-19T15:09:23.000+0000, '2019-06-19T15:09:23.000+0000',0.0,1200,5191
'13394170', 'IGNITE-15273', 'https://issues.apache.org/jira/rest/api/2/issue/13394170',2021-08-09T10:12:37.000+0000, '2021-08-09T10:12:37.000+0000',0.0,1200,1501
'13293072', 'METAMODEL-1224', 'https://issues.apache.org/jira/rest/api/2/issue/13293072',2020-03-21T14:59:06.000+0000, '2020-03-21T06:59:06.000+0000',0.3333333333333333,3000,3102
'13110520', 'REEF-1906', 'https://issues.apache.org/jira/rest/api/2/issue/13110520',2017-10-19T07:00:47.000+0000, '2017-10-18T23:00:47.000+0000',0.3333333333333333,86400,258
'13365842', 'AVRO-3078', 'https://issues.apache.org/jira/rest/api/2/issue/13365842',2021-04-14T00:38:12.000+0000, '2021-03-17T13:26:12.000+0000',27.466666666666665,2400,119
'12929047', 'GORA-456', 'https://issues.apache.org/jira/rest/api/2/issue/12929047',2016-04-06T22:29:09.000+0000, '2016-01-10T22:29:09.000+0000',87.0,2400,281
'13256389', 'CONFIGURATION-760', 'https://issues.apache.org/jira/rest/api/2/issue/13256389',2019-09-12T16:03:15.000+0000, '2019-09-12T16:03:15.000+0000',0.0,1200,5890
'13270456', 'GRIFFIN-301', 'https://issues.apache.org/jira/rest/api/2/issue/13270456',2019-11-25T20:37:59.000+0000, '2019-11-25T14:13:59.000+0000',0.26666666666666666,1800,318
'13450303', 'NIFI-10122', 'https://issues.apache.org/jira/rest/api/2/issue/13450303',2022-06-15T20:13:29.000+0000, '2022-06-15T20:13:29.000+0000',0.0,1200,1387
'13232949', 'SCM-926', 'https://issues.apache.org/jira/rest/api/2/issue/13232949',2019-05-13T10:20:48.000+0000, '2019-05-13T10:20:48.000+0000',0.0,600,1600
'13250528', 'OODT-1018', 'https://issues.apache.org/jira/rest/api/2/issue/13250528',2019-08-14T05:38:14.000+0000, '2019-08-13T12:02:14.000+0000',0.7333333333333333,2400,176
'13362741', 'HDFS-15879', 'https://issues.apache.org/jira/rest/api/2/issue/13362741',2021-03-07T11:14:21.000+0000, '2021-03-06T01:38:21.000+0000',1.4,22200,334
'13226703', 'MESOS-9707', 'https://issues.apache.org/jira/rest/api/2/issue/13226703',2019-04-08T15:26:18.000+0000, '2019-04-08T13:50:18.000+0000',0.06666666666666667,600,972
'13420550', 'LOG4J2-3310', 'https://issues.apache.org/jira/rest/api/2/issue/13420550',2022-01-06T20:54:32.000+0000, '2022-01-04T09:42:32.000+0000',2.466666666666667,600,162
'13411639', 'CURATOR-623', 'https://issues.apache.org/jira/rest/api/2/issue/13411639',2021-11-26T10:34:21.000+0000, '2021-11-13T20:10:21.000+0000',12.6,7800,147
'13344759', 'CRYPTO-155', 'https://issues.apache.org/jira/rest/api/2/issue/13344759',2020-12-08T14:10:18.000+0000, '2020-12-08T09:22:18.000+0000',0.2,1800,1156
'13440746', 'YARN-11114', 'https://issues.apache.org/jira/rest/api/2/issue/13440746',2022-04-22T01:47:35.000+0000, '2022-04-20T17:47:35.000+0000',1.3333333333333333,6600,925
'13210259', 'JXR-143', 'https://issues.apache.org/jira/rest/api/2/issue/13210259',2019-01-20T19:35:30.000+0000, '2019-01-17T22:47:30.000+0000',2.8666666666666667,1200,125
'13251545', 'SYNAPSE-1109', 'https://issues.apache.org/jira/rest/api/2/issue/13251545',2019-08-19T12:08:31.000+0000, '2019-08-19T10:32:31.000+0000',0.06666666666666667,3000,1393
'13263432', 'BEANUTILS-527', 'https://issues.apache.org/jira/rest/api/2/issue/13263432',2019-10-20T21:27:08.000+0000, '2019-10-20T21:27:08.000+0000',0.0,600,2863
'13354036', 'LUCENE-9694', 'https://issues.apache.org/jira/rest/api/2/issue/13354036',2021-01-23T07:15:30.000+0000, '2021-01-22T21:39:30.000+0000',0.4,9600,891
'13210216', 'CAMEL-13077', 'https://issues.apache.org/jira/rest/api/2/issue/13210216',2019-01-18T05:32:51.000+0000, '2019-01-17T18:20:51.000+0000',0.4666666666666667,2400,475
'13282772', 'RAT-266', 'https://issues.apache.org/jira/rest/api/2/issue/13282772',2020-02-01T15:42:56.000+0000, '2020-02-01T15:42:56.000+0000',0.0,1200,948
'13302491', 'UNOMI-334', 'https://issues.apache.org/jira/rest/api/2/issue/13302491',2020-05-03T07:54:25.000+0000, '2020-05-03T07:54:25.000+0000',0.0,1800,3041
'13426096', 'AVRO-3350', 'https://issues.apache.org/jira/rest/api/2/issue/13426096',2022-02-01T23:08:19.000+0000, '2022-02-01T23:08:19.000+0000',0.0,1800,1389
'13294513', 'MINVOKER-262', 'https://issues.apache.org/jira/rest/api/2/issue/13294513',2020-04-01T08:59:58.000+0000, '2020-03-27T16:59:58.000+0000',4.666666666666667,600,180
'13367219', 'FLUME-3389', 'https://issues.apache.org/jira/rest/api/2/issue/13367219',2021-04-17T13:46:41.000+0000, '2021-03-24T12:10:41.000+0000',24.066666666666666,7800,69
'12995518', 'QPID-7381', 'https://issues.apache.org/jira/rest/api/2/issue/12995518',2016-08-09T22:35:11.000+0000, '2016-08-08T00:11:11.000+0000',1.9333333333333333,3600,230
'13320275', 'COMPRESS-550', 'https://issues.apache.org/jira/rest/api/2/issue/13320275',2020-08-04T10:06:56.000+0000, '2020-07-30T21:18:56.000+0000',4.533333333333333,6000,756
'13334198', 'ARTEMIS-2936', 'https://issues.apache.org/jira/rest/api/2/issue/13334198',2020-10-09T07:41:13.000+0000, '2020-10-07T14:05:13.000+0000',1.7333333333333334,1200,196
'13232106', 'SINGA-455', 'https://issues.apache.org/jira/rest/api/2/issue/13232106',2019-05-09T08:36:15.000+0000, '2019-05-07T21:24:15.000+0000',1.4666666666666666,1800,910
'13169409', 'MPIR-373', 'https://issues.apache.org/jira/rest/api/2/issue/13169409',2018-07-29T06:13:45.000+0000, '2018-07-01T15:49:45.000+0000',27.6,600,5943
'13344033', 'POOL-389', 'https://issues.apache.org/jira/rest/api/2/issue/13344033',2020-12-03T14:35:02.000+0000, '2020-12-03T14:35:02.000+0000',0.0,1800,3158
'13085910', 'OOZIE-2981', 'https://issues.apache.org/jira/rest/api/2/issue/13085910',2017-07-10T22:48:35.000+0000, '2017-07-10T11:36:35.000+0000',0.4666666666666667,14400,114
'13391352', 'LOG4NET-671', 'https://issues.apache.org/jira/rest/api/2/issue/13391352',2021-08-01T06:11:29.000+0000, '2021-07-22T12:35:29.000+0000',9.733333333333333,600,648
'13235214', 'MADLIB-1351', 'https://issues.apache.org/jira/rest/api/2/issue/13235214',2019-06-06T17:42:02.000+0000, '2019-05-23T19:18:02.000+0000',13.933333333333334,53400,12
'12987124', 'DIRMINA-1039', 'https://issues.apache.org/jira/rest/api/2/issue/12987124',2016-07-09T09:58:46.000+0000, '2016-07-06T11:34:46.000+0000',2.933333333333333,600,136
'13219384', 'TEXT-153', 'https://issues.apache.org/jira/rest/api/2/issue/13219384',2019-03-04T20:27:03.000+0000, '2019-03-04T20:27:03.000+0000',0.0,4800,814
'13264148', 'SAMZA-2361', 'https://issues.apache.org/jira/rest/api/2/issue/13264148',2019-10-24T20:58:37.000+0000, '2019-10-24T00:10:37.000+0000',0.8666666666666667,4200,885
'13376196', 'MAPREDUCE-7342', 'https://issues.apache.org/jira/rest/api/2/issue/13376196',2021-05-09T08:19:15.000+0000, '2021-05-01T08:19:15.000+0000',8.0,3000,1124
'13206942', 'HTTPCORE-565', 'https://issues.apache.org/jira/rest/api/2/issue/13206942',2018-12-29T21:42:26.000+0000, '2018-12-29T16:54:26.000+0000',0.2,600,508
'13294788', 'WAGON-585', 'https://issues.apache.org/jira/rest/api/2/issue/13294788',2020-03-29T02:25:52.000+0000, '2020-03-29T00:49:52.000+0000',0.06666666666666667,1200,709
'13211193', 'NETBEANS-1976', 'https://issues.apache.org/jira/rest/api/2/issue/13211193',2019-01-26T19:51:54.000+0000, '2019-01-23T07:03:54.000+0000',3.533333333333333,1200,1223
'13256221', 'MPLUGIN-353', 'https://issues.apache.org/jira/rest/api/2/issue/13256221',2019-09-13T07:21:42.000+0000, '2019-09-11T23:21:42.000+0000',1.3333333333333333,600,75
'13147614', 'CB-13999', 'https://issues.apache.org/jira/rest/api/2/issue/13147614',2018-04-17T05:03:17.000+0000, '2018-03-23T22:39:17.000+0000',24.266666666666666,600,40
'13378923', 'SEDONA-33', 'https://issues.apache.org/jira/rest/api/2/issue/13378923',2021-05-18T03:36:16.000+0000, '2021-05-18T02:00:16.000+0000',0.06666666666666667,1200,1694
'13262293', 'LOG4J2-2707', 'https://issues.apache.org/jira/rest/api/2/issue/13262293',2019-10-18T10:53:17.000+0000, '2019-10-15T06:05:17.000+0000',3.2,6000,204
'13218041', 'SCB-1177', 'https://issues.apache.org/jira/rest/api/2/issue/13218041',2019-03-01T03:52:43.000+0000, '2019-02-26T08:40:43.000+0000',2.8,1200,273
'13444463', 'BEAM-14460', 'https://issues.apache.org/jira/rest/api/2/issue/13444463',2022-05-12T03:11:11.000+0000, '2022-05-11T17:35:11.000+0000',0.4,1200,853
'13259132', 'JOHNZON-282', 'https://issues.apache.org/jira/rest/api/2/issue/13259132',2019-09-26T22:22:53.000+0000, '2019-09-26T20:46:53.000+0000',0.06666666666666667,7800,956
'13066862', 'BAHIR-112', 'https://issues.apache.org/jira/rest/api/2/issue/13066862',2017-04-25T23:34:45.000+0000, '2017-04-25T21:58:45.000+0000',0.06666666666666667,14400,1375
'13298175', 'COLLECTIONS-759', 'https://issues.apache.org/jira/rest/api/2/issue/13298175',2020-04-14T17:52:08.000+0000, '2020-04-14T03:28:08.000+0000',0.6,6000,1294
'13283403', 'WSS-663', 'https://issues.apache.org/jira/rest/api/2/issue/13283403',2020-02-05T19:42:36.000+0000, '2020-02-05T08:30:36.000+0000',0.4666666666666667,600,5975
'13128854', 'GROOVY-8433', 'https://issues.apache.org/jira/rest/api/2/issue/13128854',2018-04-14T07:16:41.000+0000, '2018-01-05T16:52:41.000+0000',98.6,2400,2745
'12631517', 'ACCUMULO-1055', 'https://issues.apache.org/jira/rest/api/2/issue/12631517',2013-05-06T03:11:47.000+0000, '2013-02-08T20:47:47.000+0000',86.26666666666667,6600,522
'13298307', 'BCEL-336', 'https://issues.apache.org/jira/rest/api/2/issue/13298307',2020-04-14T14:59:15.000+0000, '2020-04-14T14:59:15.000+0000',0.0,1200,1174
'13274621', 'OPENJPA-2798', 'https://issues.apache.org/jira/rest/api/2/issue/13274621',2019-12-28T23:53:27.000+0000, '2019-12-15T09:29:27.000+0000',13.6,600,359
'12461799', 'JDO-652', 'https://issues.apache.org/jira/rest/api/2/issue/12461799',2010-12-05T18:45:26.000+0000, '2010-04-12T07:33:26.000+0000',237.46666666666667,1800,434
'13199876', 'SPOT-287', 'https://issues.apache.org/jira/rest/api/2/issue/13199876',2018-12-11T16:35:29.000+0000, '2018-11-21T16:35:29.000+0000',20.0,600,150
'13027578', 'TOBAGO-1666', 'https://issues.apache.org/jira/rest/api/2/issue/13027578',2017-03-02T06:07:21.000+0000, '2016-12-12T20:31:21.000+0000',79.4,1200,56
'13236141', 'NUMBERS-104', 'https://issues.apache.org/jira/rest/api/2/issue/13236141',2019-05-30T12:18:48.000+0000, '2019-05-29T01:06:48.000+0000',1.4666666666666666,3000,1916
'13341605', 'HOP-2211', 'https://issues.apache.org/jira/rest/api/2/issue/13341605',2020-11-19T21:49:12.000+0000, '2020-11-19T15:25:12.000+0000',0.26666666666666666,1200,647
'13158081', 'ORC-361', 'https://issues.apache.org/jira/rest/api/2/issue/13158081',2018-06-12T15:18:59.000+0000, '2018-05-09T04:06:59.000+0000',34.46666666666667,1200,478
'13227926', 'MSKINS-145', 'https://issues.apache.org/jira/rest/api/2/issue/13227926',2019-04-15T16:40:44.000+0000, '2019-04-14T08:40:44.000+0000',1.3333333333333333,1200,188
'13339277', 'RATIS-1137', 'https://issues.apache.org/jira/rest/api/2/issue/13339277',2020-11-07T05:37:00.000+0000, '2020-11-07T05:37:00.000+0000',0.0,4800,1133
'13380913', 'JSIEVE-117', 'https://issues.apache.org/jira/rest/api/2/issue/13380913',2021-06-04T00:04:38.000+0000, '2021-05-28T06:28:38.000+0000',6.733333333333333,1200,354
'13171205', 'MXNET-651', 'https://issues.apache.org/jira/rest/api/2/issue/13171205',2018-07-12T10:45:09.000+0000, '2018-07-10T17:09:09.000+0000',1.7333333333333334,66600,267
'13164712', 'NET-660', 'https://issues.apache.org/jira/rest/api/2/issue/13164712',2018-07-27T04:13:42.000+0000, '2018-06-07T15:25:42.000+0000',49.53333333333333,1200,685
'13232803', 'MINDEXER-117', 'https://issues.apache.org/jira/rest/api/2/issue/13232803',2019-05-16T19:15:57.000+0000, '2019-05-11T12:51:57.000+0000',5.266666666666667,600,107
'13291434', 'MNGSITE-397', 'https://issues.apache.org/jira/rest/api/2/issue/13291434',2020-03-14T03:14:59.000+0000, '2020-03-12T22:26:59.000+0000',1.2,2400,881
'13193829', 'POOL-356', 'https://issues.apache.org/jira/rest/api/2/issue/13193829',2018-11-15T20:26:54.000+0000, '2018-10-24T10:50:54.000+0000',22.4,4200,838
'13244922', 'SUREFIRE-1679', 'https://issues.apache.org/jira/rest/api/2/issue/13244922',2019-07-17T10:13:35.000+0000, '2019-07-15T10:13:35.000+0000',2.0,2400,474
'13345667', 'CSV-267', 'https://issues.apache.org/jira/rest/api/2/issue/13345667',2020-12-12T07:51:15.000+0000, '2020-12-12T07:51:15.000+0000',0.0,3600,2173
'12990699', 'APEXMALHAR-2161', 'https://issues.apache.org/jira/rest/api/2/issue/12990699',2016-07-20T17:00:20.000+0000, '2016-07-19T09:00:20.000+0000',1.3333333333333333,28800,56
'12946417', 'MSOURCES-95', 'https://issues.apache.org/jira/rest/api/2/issue/12946417',2016-05-22T17:51:46.000+0000, '2016-03-03T06:39:46.000+0000',80.46666666666667,1800,3064
'13408506', 'HOP-3444', 'https://issues.apache.org/jira/rest/api/2/issue/13408506',2021-10-26T16:31:53.000+0000, '2021-10-26T16:31:53.000+0000',0.0,2400,2125
'13256108', 'MSHADE-327', 'https://issues.apache.org/jira/rest/api/2/issue/13256108',2019-09-11T12:42:06.000+0000, '2019-09-11T12:42:06.000+0000',0.0,1200,171
'13382796', 'AMQNET-718', 'https://issues.apache.org/jira/rest/api/2/issue/13382796',2021-06-15T09:21:24.000+0000, '2021-06-08T22:09:24.000+0000',6.466666666666667,7800,394
'13226947', 'DAEMON-399', 'https://issues.apache.org/jira/rest/api/2/issue/13226947',2019-04-13T17:49:51.000+0000, '2019-04-09T13:01:51.000+0000',4.2,1200,611
'13220233', 'KNOX-1812', 'https://issues.apache.org/jira/rest/api/2/issue/13220233',2019-03-07T21:30:14.000+0000, '2019-03-07T15:06:14.000+0000',0.26666666666666666,9000,2532
'13216765', 'CRUNCH-678', 'https://issues.apache.org/jira/rest/api/2/issue/13216765',2019-02-19T22:57:40.000+0000, '2019-02-19T22:57:40.000+0000',0.0,3000,1462
'13266039', 'MDEP-663', 'https://issues.apache.org/jira/rest/api/2/issue/13266039',2019-11-05T10:57:41.000+0000, '2019-11-04T06:09:41.000+0000',1.2,1200,324
'13395018', 'MNEMONIC-672', 'https://issues.apache.org/jira/rest/api/2/issue/13395018',2021-08-13T05:41:52.000+0000, '2021-08-13T05:41:52.000+0000',0.0,600,2138
'13258214', 'JSIEVE-113', 'https://issues.apache.org/jira/rest/api/2/issue/13258214',2019-09-23T15:17:24.000+0000, '2019-09-23T04:05:24.000+0000',0.4666666666666667,3000,154
'13091130', 'OOZIE-3017', 'https://issues.apache.org/jira/rest/api/2/issue/13091130',2017-08-08T05:55:34.000+0000, '2017-07-31T09:07:34.000+0000',7.866666666666666,57600,214
'13179142', 'BROOKLYN-597', 'https://issues.apache.org/jira/rest/api/2/issue/13179142',2018-09-17T11:47:34.000+0000, '2018-08-15T18:11:34.000+0000',32.733333333333334,9600,80
'12797562', 'MNG-5669', 'https://issues.apache.org/jira/rest/api/2/issue/12797562',2014-12-09T12:50:12.000+0000, '2014-07-28T11:14:12.000+0000',134.06666666666666,1200,1371
'13011281', 'MIME4J-253', 'https://issues.apache.org/jira/rest/api/2/issue/13011281',2017-02-12T20:32:55.000+0000, '2016-10-11T07:44:55.000+0000',124.53333333333333,2400,346
'13264747', 'MJAVADOC-626', 'https://issues.apache.org/jira/rest/api/2/issue/13264747',2019-10-31T13:57:52.000+0000, '2019-10-28T07:33:52.000+0000',3.2666666666666666,1200,863
'13425736', 'CALCITE-4995', 'https://issues.apache.org/jira/rest/api/2/issue/13425736',2022-02-01T10:00:07.000+0000, '2022-01-31T10:00:07.000+0000',1.0,2400,288
'13185222', 'LIVY-513', 'https://issues.apache.org/jira/rest/api/2/issue/13185222',2018-09-27T15:23:37.000+0000, '2018-09-14T18:35:37.000+0000',12.866666666666667,1200,1413
'13261429', 'GOBBLIN-905', 'https://issues.apache.org/jira/rest/api/2/issue/13261429',2019-10-11T19:00:28.000+0000, '2019-10-09T20:36:28.000+0000',1.9333333333333333,3600,1119
'13273514', 'RANGER-2671', 'https://issues.apache.org/jira/rest/api/2/issue/13273514',2019-12-12T15:07:46.000+0000, '2019-12-10T03:55:46.000+0000',2.466666666666667,600,392
'13225524', 'VALIDATOR-455', 'https://issues.apache.org/jira/rest/api/2/issue/13225524',2019-05-02T02:59:17.000+0000, '2019-04-02T14:11:17.000+0000',29.533333333333335,600,187
'13246943', 'MINVOKER-249', 'https://issues.apache.org/jira/rest/api/2/issue/13246943',2019-07-27T16:27:41.000+0000, '2019-07-25T02:03:41.000+0000',2.6,1200,279
'13369032', 'DBCP-573', 'https://issues.apache.org/jira/rest/api/2/issue/13369032',2021-04-05T07:00:07.000+0000, '2021-04-01T07:00:07.000+0000',4.0,4800,527
'13219343', 'ANY23-428', 'https://issues.apache.org/jira/rest/api/2/issue/13219343',2019-03-30T18:55:49.000+0000, '2019-03-04T17:19:49.000+0000',26.066666666666666,1200,80
'13236563', 'MEAR-278', 'https://issues.apache.org/jira/rest/api/2/issue/13236563',2019-06-24T18:38:59.000+0000, '2019-05-30T18:38:59.000+0000',25.0,600,51
'13263698', 'SUBMARINE-257', 'https://issues.apache.org/jira/rest/api/2/issue/13263698',2019-10-23T11:11:16.000+0000, '2019-10-22T04:47:16.000+0000',1.2666666666666666,600,547
'13255894', 'CONFIGURATION-756', 'https://issues.apache.org/jira/rest/api/2/issue/13255894',2019-09-10T16:49:57.000+0000, '2019-09-10T13:37:57.000+0000',0.13333333333333333,600,2172
'13258213', 'JSPF-104', 'https://issues.apache.org/jira/rest/api/2/issue/13258213',2019-09-23T15:16:50.000+0000, '2019-09-23T04:04:50.000+0000',0.4666666666666667,1200,552
'13296128', 'FREEMARKER-139', 'https://issues.apache.org/jira/rest/api/2/issue/13296128',2020-04-03T23:44:07.000+0000, '2020-04-03T22:08:07.000+0000',0.06666666666666667,1200,648
'13297822', 'OPENMEETINGS-2251', 'https://issues.apache.org/jira/rest/api/2/issue/13297822',2020-04-12T04:44:26.000+0000, '2020-04-11T23:56:26.000+0000',0.2,1200,345
