id,key,self,resolutiondate,created,resolutiontime,timespent,titlelength,commentlength,percent_tone,percent_relevance
'13205143', 'DISPATCH-1225', 'https://issues.apache.org/jira/rest/api/2/issue/13205143',2018-12-18T22:39:09.000+0000, '2018-12-18T14:39:09.000+0000',0.3333333333333333,1200,26.0726197255326,191,0.0,4.02721326454107
'13068059', 'CARBONDATA-1004', 'https://issues.apache.org/jira/rest/api/2/issue/13068059',2017-05-01T05:00:35.000+0000, '2017-05-01T01:48:35.000+0000',0.13333333333333333,3000,38.5959953047658,146,0.0,2.15048217683225
'13163181', 'ARIES-1805', 'https://issues.apache.org/jira/rest/api/2/issue/13163181',2018-05-31T15:18:11.000+0000, '2018-05-31T15:18:11.000+0000',0.0,600,46.9119422334545,1443,0.0,3.1974800628278
'13270340', 'CODEC-270', 'https://issues.apache.org/jira/rest/api/2/issue/13270340',2019-11-25T03:34:17.000+0000, '2019-11-24T22:46:17.000+0000',0.2,1200,61.2989158526404,1152,0.0,1.56609621336174
'12923646', 'HADOOP-12665', 'https://issues.apache.org/jira/rest/api/2/issue/12923646',2016-05-05T07:34:55.000+0000, '2015-12-22T02:46:55.000+0000',135.2,4200,67.137975543581,74,0.0,0.878787296195751
'13005220', 'ACCUMULO-4459', 'https://issues.apache.org/jira/rest/api/2/issue/13005220',2016-09-15T17:05:06.000+0000, '2016-09-15T17:05:06.000+0000',0.0,4200,51.9382217584674,112,0.0,1.02044309962074
'13434896', 'FTPSERVER-509', 'https://issues.apache.org/jira/rest/api/2/issue/13434896',2022-03-22T22:05:12.000+0000, '2022-03-21T12:29:12.000+0000',1.4,1200,23.8571906685572,28,0.0,1.08981817520815
'13140739', 'AMQ-6904', 'https://issues.apache.org/jira/rest/api/2/issue/13140739',2018-04-07T20:20:49.000+0000, '2018-02-24T18:44:49.000+0000',42.06666666666667,600,49.2380527247286,483,0.0,2.09187801507574
'13146917', 'BIGTOP-3015', 'https://issues.apache.org/jira/rest/api/2/issue/13146917',2018-04-30T01:35:40.000+0000, '2018-03-21T17:35:40.000+0000',39.333333333333336,600,41.9811465827713,222,0.0,2.02471840144745
'13288973', 'CODEC-286', 'https://issues.apache.org/jira/rest/api/2/issue/13288973',2020-04-19T12:02:24.000+0000, '2020-03-02T18:26:24.000+0000',47.733333333333334,600,44.9344324881342,187,0.0,0.756658048568396
'13129476', 'AMQ-6883', 'https://issues.apache.org/jira/rest/api/2/issue/13129476',2018-04-19T19:15:27.000+0000, '2018-01-09T09:39:27.000+0000',100.4,1200,68.5037472492589,730,0.0,1.4013831922317
'12933326', 'AMBARI-14772', 'https://issues.apache.org/jira/rest/api/2/issue/12933326',2016-01-23T21:50:02.000+0000, '2016-01-22T12:14:02.000+0000',1.4,172800,46.8623388132375,328,0.0,0.768207496929942
'12990699', 'APEXMALHAR-2161', 'https://issues.apache.org/jira/rest/api/2/issue/12990699',2016-07-20T17:00:20.000+0000, '2016-07-19T09:00:20.000+0000',1.3333333333333333,28800,43.4184450698398,56,0.0,1.17461599368575
'13068687', 'CARBONDATA-1017', 'https://issues.apache.org/jira/rest/api/2/issue/13068687',2017-05-06T02:19:58.000+0000, '2017-05-03T08:43:58.000+0000',2.7333333333333334,46200,44.1877803113419,197,0.0,2.08202356741567
'12929010', 'AMBARI-14600', 'https://issues.apache.org/jira/rest/api/2/issue/12929010',2016-01-10T15:39:45.000+0000, '2016-01-10T15:39:45.000+0000',0.0,259200,34.346243420922,990,0.0,1.97983806166638
'12954479', 'CALCITE-1178', 'https://issues.apache.org/jira/rest/api/2/issue/12954479',2016-06-22T19:48:25.000+0000, '2016-03-30T00:36:25.000+0000',84.8,1200,79.7466283946673,317,0.0,1.26651122477742
'13213038', 'COMPRESS-479', 'https://issues.apache.org/jira/rest/api/2/issue/13213038',2019-02-13T15:14:51.000+0000, '2019-01-31T10:26:51.000+0000',13.2,2400,68.0213505262964,1527,0.0,1.82295704276061
'13277278', 'GOBBLIN-1012', 'https://issues.apache.org/jira/rest/api/2/issue/13277278',2020-01-17T20:03:36.000+0000, '2020-01-02T23:15:36.000+0000',14.866666666666667,4200,40.9563509035342,401,0.0,2.36837505930319
'12997587', 'DOXIATOOLS-54', 'https://issues.apache.org/jira/rest/api/2/issue/12997587',2016-11-08T09:04:32.000+0000, '2016-08-16T13:52:32.000+0000',83.8,1200,48.4056913317623,290,0.0,1.59072203870116
'13068064', 'CARBONDATA-1006', 'https://issues.apache.org/jira/rest/api/2/issue/13068064',2017-05-01T02:54:48.000+0000, '2017-05-01T02:54:48.000+0000',0.0,2400,43.5610892167792,52,0.0,1.05598828741595
'13147614', 'CB-13999', 'https://issues.apache.org/jira/rest/api/2/issue/13147614',2018-04-17T05:03:17.000+0000, '2018-03-23T22:39:17.000+0000',24.266666666666666,600,77.395859163358,140,0.0,0.555585278913187
'13305296', 'BEAM-10015', 'https://issues.apache.org/jira/rest/api/2/issue/13305296',2020-05-16T20:34:36.000+0000, '2020-05-15T22:10:36.000+0000',0.9333333333333333,2400,59.3024028117418,155,0.0,1.02862611138451
'13248582', 'BVAL-177', 'https://issues.apache.org/jira/rest/api/2/issue/13248582',2019-08-02T12:50:29.000+0000, '2019-08-02T12:50:29.000+0000',0.0,1200,48.5873687417921,168,0.0,2.09931104814625
'13147488', 'BROOKLYN-586', 'https://issues.apache.org/jira/rest/api/2/issue/13147488',2018-03-28T11:26:10.000+0000, '2018-03-23T14:38:10.000+0000',4.866666666666666,15600,50.7805822038594,732,0.0,2.46157083229542
'13209453', 'BIGTOP-3135', 'https://issues.apache.org/jira/rest/api/2/issue/13209453',2019-01-15T05:02:09.000+0000, '2019-01-14T16:14:09.000+0000',0.5333333333333333,1200,29.5077134781267,151,0.0,2.20281385232315
'13124033', 'CRUNCH-660', 'https://issues.apache.org/jira/rest/api/2/issue/13124033',2018-01-07T08:11:22.000+0000, '2017-12-11T00:11:22.000+0000',27.333333333333332,1200,54.9261449747186,839,0.0,2.53067095941248
'13217310', 'CASSANDRASC-11', 'https://issues.apache.org/jira/rest/api/2/issue/13217310',2019-02-22T15:40:28.000+0000, '2019-02-21T22:04:28.000+0000',0.7333333333333333,1200,32.9596481587816,89,0.0,2.12380907899193
'13305226', 'BEAM-10007', 'https://issues.apache.org/jira/rest/api/2/issue/13305226',2020-05-19T06:11:01.000+0000, '2020-05-15T15:47:01.000+0000',3.6,12000,77.1015606012475,137,0.0,0.765224459011084
'13226290', 'AIRAVATA-3008', 'https://issues.apache.org/jira/rest/api/2/issue/13226290',2019-04-07T05:07:49.000+0000, '2019-04-05T01:55:49.000+0000',2.1333333333333333,1200,24.076248309637,494,0.0,2.82436030420826
'12972094', 'AVRO-1851', 'https://issues.apache.org/jira/rest/api/2/issue/12972094',2016-10-09T22:13:54.000+0000, '2016-05-23T15:49:54.000+0000',139.26666666666668,7800,84.2811970575614,4512,0.0,1.18650426775148
'13277418', 'GOBBLIN-1014', 'https://issues.apache.org/jira/rest/api/2/issue/13277418',2020-01-04T06:54:01.000+0000, '2020-01-03T19:42:01.000+0000',0.4666666666666667,5400,49.701636218445,134,0.0,0.905402787993122
'12948244', 'EDGENT-17', 'https://issues.apache.org/jira/rest/api/2/issue/12948244',2016-03-09T01:51:02.000+0000, '2016-03-09T01:51:02.000+0000',0.0,14400,46.9119422334545,507,0.0,1.53479043015734
'12901414', 'BCEL-267', 'https://issues.apache.org/jira/rest/api/2/issue/12901414',2015-12-20T20:12:42.000+0000, '2015-09-29T20:12:42.000+0000',82.0,1200,102.455812498962,1428,0.0,1.1907572349908
'13040598', 'CAMEL-10792', 'https://issues.apache.org/jira/rest/api/2/issue/13040598',2017-03-28T09:26:07.000+0000, '2017-02-06T11:02:07.000+0000',49.93333333333333,600,87.7478628725443,176,0.0,0.957288271761237
'13280756', 'CODEC-280', 'https://issues.apache.org/jira/rest/api/2/issue/13280756',2020-01-22T00:37:12.000+0000, '2020-01-21T13:25:12.000+0000',0.4666666666666667,1200,44.6472325352133,2113,0.0,2.44136072519236
'13305235', 'BEAM-10009', 'https://issues.apache.org/jira/rest/api/2/issue/13305235',2020-06-09T00:19:48.000+0000, '2020-05-15T16:19:48.000+0000',24.333333333333332,27000,48.5535934563632,285,0.0,1.68885543093111
'13296128', 'FREEMARKER-139', 'https://issues.apache.org/jira/rest/api/2/issue/13296128',2020-04-03T23:44:07.000+0000, '2020-04-03T22:08:07.000+0000',0.06666666666666667,1200,51.1410215192063,148,0.0,1.27099533934004
'13327668', 'ARROW-10013', 'https://issues.apache.org/jira/rest/api/2/issue/13327668',2020-09-15T22:28:15.000+0000, '2020-09-15T12:52:15.000+0000',0.4,7800,55.5538843598686,779,0.0,1.80005414836912
'13211468', 'GEOMETRY-38', 'https://issues.apache.org/jira/rest/api/2/issue/13211468',2019-01-24T08:23:48.000+0000, '2019-01-24T06:47:48.000+0000',0.06666666666666667,2400,35.2118508820765,166,0.0,1.59037365537933
'13210557', 'COLLECTIONS-709', 'https://issues.apache.org/jira/rest/api/2/issue/13210557',2019-01-19T23:30:11.000+0000, '2019-01-19T23:30:11.000+0000',0.0,1800,56.9645012834804,448,0.0,1.98369155270336
'13269010', 'AVRO-2633', 'https://issues.apache.org/jira/rest/api/2/issue/13269010',2020-01-03T05:18:54.000+0000, '2019-11-18T08:30:54.000+0000',45.86666666666667,1800,110.912845739286,1455,0.0,0.658174438798505
'13263565', 'BEANUTILS-528', 'https://issues.apache.org/jira/rest/api/2/issue/13263565',2019-10-21T14:31:44.000+0000, '2019-10-21T14:31:44.000+0000',0.0,1200,15.9165518292078,123,0.0,3.76966070564961
'13221129', 'DELTASPIKE-1371', 'https://issues.apache.org/jira/rest/api/2/issue/13221129',2019-03-12T13:48:20.000+0000, '2019-03-12T13:48:20.000+0000',0.0,1800,42.7233759626103,328,0.0975609756097561,1.91932398019676
'13212565', 'ARIES-1885', 'https://issues.apache.org/jira/rest/api/2/issue/13212565',2019-01-29T15:01:45.000+0000, '2019-01-29T15:01:45.000+0000',0.0,1200,60.3153543001557,1395,0.0,1.14398731136728
'13327686', 'ARROW-10016', 'https://issues.apache.org/jira/rest/api/2/issue/13327686',2020-09-16T01:13:26.000+0000, '2020-09-15T14:01:26.000+0000',0.4666666666666667,7200,43.8048319213413,453,0.0,1.57516869654701
'13145345', 'HDFS-13293', 'https://issues.apache.org/jira/rest/api/2/issue/13145345',2018-05-17T00:27:52.000+0000, '2018-03-15T11:39:52.000+0000',62.53333333333333,16800,127.867436545129,153,0.0,0.477056564581013
'12913901', 'CASSANDRA-10726', 'https://issues.apache.org/jira/rest/api/2/issue/12913901',2016-01-24T01:36:28.000+0000, '2015-11-17T22:24:28.000+0000',67.13333333333334,1200,62.1202626984535,834,0.0,2.60784473475888
'13134777', 'AMQ-6894', 'https://issues.apache.org/jira/rest/api/2/issue/13134777',2018-04-17T00:29:45.000+0000, '2018-01-30T14:53:45.000+0000',76.4,1800,106.50901777265,3045,0.0,1.00460977143173
'13198264', 'ATLAS-2966', 'https://issues.apache.org/jira/rest/api/2/issue/13198264',2018-12-01T02:33:00.000+0000, '2018-11-14T08:57:00.000+0000',16.733333333333334,2400,34.6679749175471,1503,0.0,2.30760522327216
'12858806', 'CASSANDRA-10190', 'https://issues.apache.org/jira/rest/api/2/issue/12858806',2015-12-12T22:05:49.000+0000, '2015-08-26T01:17:49.000+0000',108.86666666666666,6600,39.9790595214469,320,0.0,2.07608685630722
'13123947', 'BAHIR-152', 'https://issues.apache.org/jira/rest/api/2/issue/13123947',2017-12-10T01:36:41.000+0000, '2017-12-10T01:36:41.000+0000',0.0,7200,38.5348096917662,670,0.0,3.26977091642217
'13232933', 'BVAL-174', 'https://issues.apache.org/jira/rest/api/2/issue/13232933',2019-05-17T06:06:52.000+0000, '2019-05-13T09:18:52.000+0000',3.8666666666666667,1800,43.0810694040254,2214,0.0,2.32120514609733
'13114425', 'DAFFODIL-1006', 'https://issues.apache.org/jira/rest/api/2/issue/13114425',2014-10-04T16:08:35.000+0000, '2014-08-07T19:20:35.000+0000',57.86666666666667,780,58.6210428837604,99,0.0,0.631172667353723
'13199021', 'DBCP-529', 'https://issues.apache.org/jira/rest/api/2/issue/13199021',2018-12-02T09:25:59.000+0000, '2018-11-16T20:37:59.000+0000',15.533333333333333,600,66.1381434655354,239,0.0,1.22470930926885
'13078885', 'COMPRESS-404', 'https://issues.apache.org/jira/rest/api/2/issue/13078885',2017-08-22T15:11:22.000+0000, '2017-06-10T18:23:22.000+0000',72.86666666666666,16800,56.7037133783617,509,0.0,3.42129268863776
'13129476', 'AMQ-6883', 'https://issues.apache.org/jira/rest/api/2/issue/13129476',2018-04-19T19:15:27.000+0000, '2018-01-09T09:39:27.000+0000',100.4,1200,68.5037472492589,730,0.0,1.02184191100228
'13005493', 'ACCUMULO-4461', 'https://issues.apache.org/jira/rest/api/2/issue/13005493',2016-09-17T02:53:37.000+0000, '2016-09-16T17:17:37.000+0000',0.4,14400,38.7193739477872,312,0.0,1.80788047075334
'13005031', 'ACCUMULO-4458', 'https://issues.apache.org/jira/rest/api/2/issue/13005031',2016-09-14T23:35:11.000+0000, '2016-09-14T23:35:11.000+0000',0.0,3000,67.8547735876752,323,0.0,1.47373566681775
'13228867', 'CRUNCH-681', 'https://issues.apache.org/jira/rest/api/2/issue/13228867',2019-04-18T18:48:38.000+0000, '2019-04-18T14:00:38.000+0000',0.2,3600,70.5357387893396,264,0.0,1.50278428806959
'13237127', 'BVAL-176', 'https://issues.apache.org/jira/rest/api/2/issue/13237127',2019-06-03T00:20:16.000+0000, '2019-06-02T22:44:16.000+0000',0.06666666666666667,4800,65.3934373524278,2101,0.0,1.28453256780639
'13011989', 'AMBARI-18587', 'https://issues.apache.org/jira/rest/api/2/issue/13011989',2016-10-15T16:41:01.000+0000, '2016-10-13T13:29:01.000+0000',2.1333333333333333,864000,21.4966502764616,504,0.0,2.97720803831835
'13126786', 'FINERACT-593', 'https://issues.apache.org/jira/rest/api/2/issue/13126786',2018-02-06T10:28:46.000+0000, '2017-12-22T10:28:46.000+0000',46.0,600,98.7892168360056,255,0.0,0.809804982387941
'12901414', 'BCEL-267', 'https://issues.apache.org/jira/rest/api/2/issue/12901414',2015-12-20T20:12:42.000+0000, '2015-09-29T20:12:42.000+0000',82.0,1200,102.455812498962,1428,0.0,2.01062287219759
'13327588', 'ARROW-10010', 'https://issues.apache.org/jira/rest/api/2/issue/13327588',2020-09-15T05:42:17.000+0000, '2020-09-15T05:42:17.000+0000',0.0,3000,22.6182578625584,84,0.0,1.50321038015411
'13242662', 'DBCP-547', 'https://issues.apache.org/jira/rest/api/2/issue/13242662',2019-07-02T16:41:16.000+0000, '2019-07-02T07:05:16.000+0000',0.4,7800,79.1221989367825,876,0.0,1.27650648436474
'13299520', 'BATCHEE-140', 'https://issues.apache.org/jira/rest/api/2/issue/13299520',2020-04-19T19:51:20.000+0000, '2020-04-19T19:51:20.000+0000',0.0,600,68.692486841844,866,0.0,1.20828352292875
'12798424', 'ARCHETYPE-406', 'https://issues.apache.org/jira/rest/api/2/issue/12798424',2012-11-28T12:15:25.000+0000, '2012-04-18T01:03:25.000+0000',224.46666666666667,600,87.1428493040193,550,0.0,1.09016403249071
'13321402', 'CRYPTO-149', 'https://issues.apache.org/jira/rest/api/2/issue/13321402',2020-08-07T02:40:41.000+0000, '2020-08-06T23:28:41.000+0000',0.13333333333333333,1800,51.1816459476242,3455,0.0,2.38366699118755
'13139633', 'ARIES-1783', 'https://issues.apache.org/jira/rest/api/2/issue/13139633',2018-03-11T01:21:30.000+0000, '2018-02-20T10:57:30.000+0000',18.6,1200,118.486724410157,681,0.0,1.77235045567685
'12952489', 'CASSANDRA-11402', 'https://issues.apache.org/jira/rest/api/2/issue/12952489',2016-07-08T23:51:16.000+0000, '2016-03-22T15:51:16.000+0000',108.33333333333333,1200,135.640341098201,258,0.0,0.523443095359053
'13191519', 'CAY-2486', 'https://issues.apache.org/jira/rest/api/2/issue/13191519',2018-10-28T00:31:14.000+0000, '2018-10-15T08:31:14.000+0000',12.666666666666666,1200,37.7276157269721,313,0.0,3.15418819098406
'13208500', 'CAY-2509', 'https://issues.apache.org/jira/rest/api/2/issue/13208500',2019-01-09T23:54:46.000+0000, '2019-01-09T09:30:46.000+0000',0.6,600,58.2191820578761,416,0.0,1.88941163568131
'12631517', 'ACCUMULO-1055', 'https://issues.apache.org/jira/rest/api/2/issue/12631517',2013-05-06T03:11:47.000+0000, '2013-02-08T20:47:47.000+0000',86.26666666666667,6600,103.989647893571,522,0.0,0.634678560192339
'13296360', 'FREEMARKER-140', 'https://issues.apache.org/jira/rest/api/2/issue/13296360',2020-04-05T18:59:03.000+0000, '2020-04-05T14:11:03.000+0000',0.2,1200,52.9018040920047,433,0.0,1.37991513244125
'12955542', 'ANY23-281', 'https://issues.apache.org/jira/rest/api/2/issue/12955542',2016-06-26T18:20:11.000+0000, '2016-04-02T21:32:11.000+0000',84.86666666666666,3600,84.0200927285392,184,0.0,0.868839793308202
'13155081', 'CURATOR-464', 'https://issues.apache.org/jira/rest/api/2/issue/13155081',2018-06-12T20:07:46.000+0000, '2018-04-25T10:31:46.000+0000',48.4,1800,51.8562980353778,1171,0.0,1.71628140403084
'12962172', 'DIRKRB-558', 'https://issues.apache.org/jira/rest/api/2/issue/12962172',2016-04-25T13:16:52.000+0000, '2016-04-25T08:28:52.000+0000',0.2,1200,31.9090246904155,91,0.0,1.53561572236703
'13232330', 'BCEL-317', 'https://issues.apache.org/jira/rest/api/2/issue/13232330',2019-05-12T18:08:38.000+0000, '2019-05-08T21:20:38.000+0000',3.8666666666666667,2400,29.8929869334054,3638,0.0,3.17800292796561
'13235956', 'AMQNET-585', 'https://issues.apache.org/jira/rest/api/2/issue/13235956',2019-05-30T04:59:30.000+0000, '2019-05-28T09:47:30.000+0000',1.8,14400,31.6824727159144,206,0.0,2.08317073581342
'13242939', 'ARCHETYPE-569', 'https://issues.apache.org/jira/rest/api/2/issue/13242939',2019-07-06T11:52:49.000+0000, '2019-07-03T08:40:49.000+0000',3.1333333333333333,1200,36.5769635340777,389,0.0,4.34699834642819
'13158645', 'CRYPTO-139', 'https://issues.apache.org/jira/rest/api/2/issue/13158645',2018-06-26T05:54:06.000+0000, '2018-05-11T05:54:06.000+0000',46.0,5400,33.8319235739745,259,0.0,2.83755665828735
'13063347', 'ASTERIXDB-1881', 'https://issues.apache.org/jira/rest/api/2/issue/13063347',2017-04-13T16:00:10.000+0000, '2017-04-12T00:00:10.000+0000',1.6666666666666667,3600,14.5326601758191,331,0.0,7.01867371602881
'12905346', 'CASSANDRA-10537', 'https://issues.apache.org/jira/rest/api/2/issue/12905346',2016-03-22T12:20:48.000+0000, '2015-10-15T21:56:48.000+0000',158.6,12000,91.4274219353997,1248,0.0,1.67345853969399
'13277268', 'ARCHETYPE-585', 'https://issues.apache.org/jira/rest/api/2/issue/13277268',2020-01-15T16:49:39.000+0000, '2020-01-02T21:37:39.000+0000',12.8,600,47.7455368888734,753,0.0,2.38765772527246
'13368194', 'GROOVY-10003', 'https://issues.apache.org/jira/rest/api/2/issue/13368194',2021-03-29T11:29:05.000+0000, '2021-03-28T13:05:05.000+0000',0.9333333333333333,1200,35.5814416870451,90,0.0,1.77058592943236
'13219367', 'ANY23-429', 'https://issues.apache.org/jira/rest/api/2/issue/13219367',2019-03-04T20:54:12.000+0000, '2019-03-04T19:18:12.000+0000',0.06666666666666667,1200,36.0502282840307,24355,0.0,2.99582014152851
'13198264', 'ATLAS-2966', 'https://issues.apache.org/jira/rest/api/2/issue/13198264',2018-12-01T02:33:00.000+0000, '2018-11-14T08:57:00.000+0000',16.733333333333334,2400,34.6679749175471,1503,0.0,3.37487263903553
'13374790', 'FILEUPLOAD-318', 'https://issues.apache.org/jira/rest/api/2/issue/13374790',2021-04-24T19:21:57.000+0000, '2021-04-24T09:45:57.000+0000',0.4,6600,20.2014124944977,97,0.0,2.87108636664875
'13211686', 'HDDS-1008', 'https://issues.apache.org/jira/rest/api/2/issue/13211686',2019-02-21T02:24:19.000+0000, '2019-01-25T00:48:19.000+0000',27.066666666666666,1200,67.8748883430503,150,0.0,0.751382451522248
'13202894', 'CXF-7922', 'https://issues.apache.org/jira/rest/api/2/issue/13202894',2018-12-07T11:38:34.000+0000, '2018-12-06T19:38:34.000+0000',0.6666666666666666,600,56.5772665371041,1078,0.0,2.52751694722153
'13125802', 'BIGTOP-2961', 'https://issues.apache.org/jira/rest/api/2/issue/13125802',2018-01-23T02:49:59.000+0000, '2017-12-19T06:01:59.000+0000',34.86666666666667,6000,58.6432446977682,56,0.0,0.767351810629137
'12984170', 'GEODE-1603', 'https://issues.apache.org/jira/rest/api/2/issue/12984170',2016-08-23T20:53:10.000+0000, '2016-06-28T00:05:10.000+0000',56.86666666666667,1200,75.2382203458654,6268,0.0,1.36898506538984
'13158645', 'CRYPTO-139', 'https://issues.apache.org/jira/rest/api/2/issue/13158645',2018-06-26T05:54:06.000+0000, '2018-05-11T05:54:06.000+0000',46.0,5400,33.8319235739745,259,0.0,2.74888301271587
'13210332', 'CXF-7949', 'https://issues.apache.org/jira/rest/api/2/issue/13210332',2019-02-16T18:21:27.000+0000, '2019-01-18T08:45:27.000+0000',29.4,1200,63.358530225922,73,0.0,0.820726109248115
'13344155', 'CRYPTO-153', 'https://issues.apache.org/jira/rest/api/2/issue/13344155',2020-12-05T13:52:07.000+0000, '2020-12-04T05:52:07.000+0000',1.3333333333333333,1800,41.7157609494539,76,0.0,0.743124404168536
'13121876', 'ARCHETYPE-536', 'https://issues.apache.org/jira/rest/api/2/issue/13121876',2017-12-30T02:26:14.000+0000, '2017-11-30T10:26:14.000+0000',29.666666666666668,600,147.797047345994,522,0.0,0.629241257995406
'13252449', 'CASSANDRASC-10', 'https://issues.apache.org/jira/rest/api/2/issue/13252449',2019-08-22T20:18:19.000+0000, '2019-08-22T18:42:19.000+0000',0.06666666666666667,600,63.7166825485193,649,0.0,1.08291890349843
'13218190', 'CRUNCH-680', 'https://issues.apache.org/jira/rest/api/2/issue/13218190',2019-02-27T07:01:13.000+0000, '2019-02-26T23:01:13.000+0000',0.3333333333333333,1200,41.2115602113258,519,0.0,4.07652608002524
'13152704', 'ARTEMIS-1811', 'https://issues.apache.org/jira/rest/api/2/issue/13152704',2018-05-21T12:32:10.000+0000, '2018-04-16T12:32:10.000+0000',35.0,13800,88.0492809042126,906,0.0,1.38558769301843
'12929010', 'AMBARI-14600', 'https://issues.apache.org/jira/rest/api/2/issue/12929010',2016-01-10T15:39:45.000+0000, '2016-01-10T15:39:45.000+0000',0.0,259200,34.346243420922,990,0.0,2.03806859289186
'13068062', 'CARBONDATA-1005', 'https://issues.apache.org/jira/rest/api/2/issue/13068062',2017-05-01T05:53:06.000+0000, '2017-05-01T02:41:06.000+0000',0.13333333333333333,6600,62.9282532142921,193,0.0,1.01703124957336
'13212367', 'HDDS-1025', 'https://issues.apache.org/jira/rest/api/2/issue/13212367',2019-01-29T05:59:29.000+0000, '2019-01-29T01:11:29.000+0000',0.2,1200,50.382670563814,230,0.0,1.92526515396085
'13149081', 'GRIFFIN-117', 'https://issues.apache.org/jira/rest/api/2/issue/13149081',2018-04-01T20:53:51.000+0000, '2018-03-30T03:17:51.000+0000',2.7333333333333334,172800,63.2491757397638,218,0.0,1.21740716933314
'12975398', 'DIRKRB-578', 'https://issues.apache.org/jira/rest/api/2/issue/12975398',2016-06-03T10:11:59.000+0000, '2016-06-03T06:59:59.000+0000',0.13333333333333333,600,51.1816459476242,117,0.0,1.11368047948927
'12992986', 'GEODE-1703', 'https://issues.apache.org/jira/rest/api/2/issue/12992986',2016-10-01T18:09:57.000+0000, '2016-07-27T16:33:57.000+0000',66.06666666666666,4800,114.247460318014,805,0.0,0.91030469920741
'13024399', 'AVRO-1965', 'https://issues.apache.org/jira/rest/api/2/issue/13024399',2017-04-07T09:47:03.000+0000, '2016-11-30T11:23:03.000+0000',127.93333333333334,1200,69.9912237710708,1437,0.0,1.05727541272948
'13233418', 'CLEREZZA-1041', 'https://issues.apache.org/jira/rest/api/2/issue/13233418',2019-05-25T04:12:06.000+0000, '2019-05-15T09:00:06.000+0000',9.8,600,39.0929411675299,130,0.0,1.56038400228289
'13239924', 'BCEL-320', 'https://issues.apache.org/jira/rest/api/2/issue/13239924',2019-06-18T17:16:22.000+0000, '2019-06-17T12:28:22.000+0000',1.2,1200,73.9453490731823,1143,0.0,1.60929661556169
'12971188', 'GEODE-1416', 'https://issues.apache.org/jira/rest/api/2/issue/12971188',2016-07-22T20:39:51.000+0000, '2016-05-19T15:51:51.000+0000',64.2,3000,60.5360581725145,753,0.0,3.51856408279834
'13146917', 'BIGTOP-3015', 'https://issues.apache.org/jira/rest/api/2/issue/13146917',2018-04-30T01:35:40.000+0000, '2018-03-21T17:35:40.000+0000',39.333333333333336,600,41.9811465827713,222,0.0,1.59595450467035
'13294281', 'DATAFU-153', 'https://issues.apache.org/jira/rest/api/2/issue/13294281',2020-03-26T19:04:58.000+0000, '2020-03-26T19:04:58.000+0000',0.0,1800,32.6708169125844,761,0.0,3.36691917726825
'13280756', 'CODEC-280', 'https://issues.apache.org/jira/rest/api/2/issue/13280756',2020-01-22T00:37:12.000+0000, '2020-01-21T13:25:12.000+0000',0.4666666666666667,1200,44.6472325352133,2113,0.0,2.19498487219129
'13141435', 'CB-13927', 'https://issues.apache.org/jira/rest/api/2/issue/13141435',2018-03-21T05:09:13.000+0000, '2018-02-28T06:45:13.000+0000',20.933333333333334,600,76.588525641923,665,0.0,0.692009665361529
'13220881', 'ATLAS-3069', 'https://issues.apache.org/jira/rest/api/2/issue/13220881',2019-03-11T19:59:13.000+0000, '2019-03-11T16:47:13.000+0000',0.13333333333333333,3600,58.7330363333393,2940,0.0,1.56640973706611
'13305095', 'BEAM-10003', 'https://issues.apache.org/jira/rest/api/2/issue/13305095',2020-05-16T09:42:00.000+0000, '2020-05-15T03:18:00.000+0000',1.2666666666666666,10800,36.5776661429433,511,0.0,4.59296663005962
'12659450', 'ACCUMULO-1604', 'https://issues.apache.org/jira/rest/api/2/issue/12659450',2013-10-04T12:36:14.000+0000, '2013-07-23T22:12:14.000+0000',72.6,13200,77.9555871328942,233,0.0,1.33409296017111
'13216013', 'CRUNCH-677', 'https://issues.apache.org/jira/rest/api/2/issue/13216013',2019-02-16T08:51:49.000+0000, '2019-02-15T15:15:49.000+0000',0.7333333333333333,3000,47.3266742792762,1737,0.0,2.78912478026797
'13269690', 'DAEMON-414', 'https://issues.apache.org/jira/rest/api/2/issue/13269690',2019-11-20T23:10:17.000+0000, '2019-11-20T23:10:17.000+0000',0.0,1200,42.7233759626103,400,0.0,0.912849210093583
'12929047', 'GORA-456', 'https://issues.apache.org/jira/rest/api/2/issue/12929047',2016-04-06T22:29:09.000+0000, '2016-01-10T22:29:09.000+0000',87.0,2400,85.483900269274,281,0.206405693950178,0.8656600806339
'13248582', 'BVAL-177', 'https://issues.apache.org/jira/rest/api/2/issue/13248582',2019-08-02T12:50:29.000+0000, '2019-08-02T12:50:29.000+0000',0.0,1200,48.5873687417921,168,0.0,2.65501103147908
'13139566', 'COLLECTIONS-674', 'https://issues.apache.org/jira/rest/api/2/issue/13139566',2018-04-02T10:31:18.000+0000, '2018-02-20T04:07:18.000+0000',41.266666666666666,600,42.4168885617421,475,0.0,2.49900460864088
'13359808', 'BROOKLYN-629', 'https://issues.apache.org/jira/rest/api/2/issue/13359808',2021-02-21T13:59:19.000+0000, '2021-02-20T17:11:19.000+0000',0.8666666666666667,3600,36.399042885538,299,0.0,1.73081474142363
'13133413', 'CAMEL-12191', 'https://issues.apache.org/jira/rest/api/2/issue/13133413',2018-03-17T12:35:54.000+0000, '2018-01-24T15:47:54.000+0000',51.86666666666667,1200,100.616702151311,36,0.0,0.427364434339489
'13190356', 'CURATOR-481', 'https://issues.apache.org/jira/rest/api/2/issue/13190356',2018-10-19T04:07:13.000+0000, '2018-10-09T12:07:13.000+0000',9.666666666666666,1800,71.3775097438271,389,0.0,2.66190289745198
'12841444', 'CAY-2019', 'https://issues.apache.org/jira/rest/api/2/issue/12841444',2015-10-06T06:13:27.000+0000, '2015-06-29T20:37:27.000+0000',98.4,3600,72.7736187400994,269,0.0,0.851957083808408
'13184927', 'FLINK-10342', 'https://issues.apache.org/jira/rest/api/2/issue/13184927',2018-09-24T18:02:46.000+0000, '2018-09-13T14:50:46.000+0000',11.133333333333333,600,60.2379259782753,247,0.0,1.3778694842504
'13213434', 'HDDS-1043', 'https://issues.apache.org/jira/rest/api/2/issue/13213434',2019-02-04T13:33:20.000+0000, '2019-02-02T00:45:20.000+0000',2.533333333333333,106200,39.7543119451134,185,0.0,2.13813284247894
'13154689', 'ARTEMIS-1825', 'https://issues.apache.org/jira/rest/api/2/issue/13154689',2018-05-26T18:31:39.000+0000, '2018-04-24T04:07:39.000+0000',32.6,2400,71.4172831995312,113,0.0,0.728115067815144
'13218145', 'CRUNCH-679', 'https://issues.apache.org/jira/rest/api/2/issue/13218145',2019-03-07T23:03:21.000+0000, '2019-02-26T18:15:21.000+0000',9.2,5400,32.1464604995749,1523,0.0,4.82168169033881
'13150049', 'ATLAS-2530', 'https://issues.apache.org/jira/rest/api/2/issue/13150049',2018-04-04T17:05:16.000+0000, '2018-04-04T15:29:16.000+0000',0.06666666666666667,1200,75.4539661758782,1398,0.0,1.08675533117588
'13170927', 'HDFS-13729', 'https://issues.apache.org/jira/rest/api/2/issue/13170927',2018-07-09T21:16:11.000+0000, '2018-07-09T18:04:11.000+0000',0.13333333333333333,6000,32.7226916714319,404,0.0,1.28351299525484
'13213919', 'GEOMETRY-43', 'https://issues.apache.org/jira/rest/api/2/issue/13213919',2019-02-09T19:12:36.000+0000, '2019-02-05T14:24:36.000+0000',4.2,3600,57.3987586507761,189,0.0,1.04531877361757
'13327588', 'ARROW-10010', 'https://issues.apache.org/jira/rest/api/2/issue/13327588',2020-09-15T05:42:17.000+0000, '2020-09-15T05:42:17.000+0000',0.0,3000,22.6182578625584,84,0.0,1.68005866017224
'13216765', 'CRUNCH-678', 'https://issues.apache.org/jira/rest/api/2/issue/13216765',2019-02-19T22:57:40.000+0000, '2019-02-19T22:57:40.000+0000',0.0,3000,42.7233759626103,462,0.0,2.17679427022316
'13305235', 'BEAM-10009', 'https://issues.apache.org/jira/rest/api/2/issue/13305235',2020-06-09T00:19:48.000+0000, '2020-05-15T16:19:48.000+0000',24.333333333333332,27000,48.5535934563632,285,0.0,2.16255878350934
'13183875', 'COLLECTIONS-694', 'https://issues.apache.org/jira/rest/api/2/issue/13183875',2018-09-29T07:11:24.000+0000, '2018-09-09T08:47:24.000+0000',19.933333333333334,9000,40.5518681837762,433,0.0,1.33162792291784
'13204664', 'DOXIA-583', 'https://issues.apache.org/jira/rest/api/2/issue/13204664',2018-12-26T16:40:54.000+0000, '2018-12-15T16:40:54.000+0000',11.0,1200,51.3968781017679,1959,0.0,2.12075137684774
'12798424', 'ARCHETYPE-406', 'https://issues.apache.org/jira/rest/api/2/issue/12798424',2012-11-28T12:15:25.000+0000, '2012-04-18T01:03:25.000+0000',224.46666666666667,600,87.1428493040193,550,0.0,0.757377117309336
'13202537', 'COLLECTIONS-708', 'https://issues.apache.org/jira/rest/api/2/issue/13202537',2019-01-16T02:12:45.000+0000, '2018-12-05T13:24:45.000+0000',41.53333333333333,2400,62.3829567916389,360,0.0,1.41064169648006
'13116325', 'COLLECTIONS-664', 'https://issues.apache.org/jira/rest/api/2/issue/13116325',2017-12-16T18:04:57.000+0000, '2017-11-06T08:28:57.000+0000',40.4,600,69.938654689963,426,0.0,1.62999989784419
'13179374', 'AVRO-2211', 'https://issues.apache.org/jira/rest/api/2/issue/13179374',2018-11-14T02:06:00.000+0000, '2018-08-16T14:54:00.000+0000',89.46666666666667,21000,85.5226482659144,360,0.0,0.947117537194917
'13210910', 'DOXIA-584', 'https://issues.apache.org/jira/rest/api/2/issue/13210910',2019-01-22T13:56:12.000+0000, '2019-01-22T09:08:12.000+0000',0.2,2400,63.8180493808311,1244,0.0,2.61681454729893
'13237521', 'AMQNET-586', 'https://issues.apache.org/jira/rest/api/2/issue/13237521',2019-06-12T15:30:53.000+0000, '2019-06-04T15:30:53.000+0000',8.0,2400,25.1038884477,677,0.0,4.14278450195744
'13263565', 'BEANUTILS-528', 'https://issues.apache.org/jira/rest/api/2/issue/13263565',2019-10-21T14:31:44.000+0000, '2019-10-21T14:31:44.000+0000',0.0,1200,15.9165518292078,123,0.0,4.02097141935959
'13344407', 'CRYPTO-154', 'https://issues.apache.org/jira/rest/api/2/issue/13344407',2020-12-06T07:32:26.000+0000, '2020-12-06T07:32:26.000+0000',0.0,1200,35.1839566750908,1688,0.0,0.824239305084499
'13122885', 'ARTEMIS-1536', 'https://issues.apache.org/jira/rest/api/2/issue/13122885',2018-01-01T18:42:13.000+0000, '2017-12-05T13:54:13.000+0000',27.2,1200,124.011697608248,2535,0.0,0.999905673347973
'13219367', 'ANY23-429', 'https://issues.apache.org/jira/rest/api/2/issue/13219367',2019-03-04T20:54:12.000+0000, '2019-03-04T19:18:12.000+0000',0.06666666666666667,1200,36.0502282840307,24355,0.0,1.74756174922497
'13299520', 'BATCHEE-140', 'https://issues.apache.org/jira/rest/api/2/issue/13299520',2020-04-19T19:51:20.000+0000, '2020-04-19T19:51:20.000+0000',0.0,600,68.692486841844,866,0.0,1.89249226482816
'13288104', 'FELIX-6227', 'https://issues.apache.org/jira/rest/api/2/issue/13288104',2020-02-28T04:29:21.000+0000, '2020-02-27T17:17:21.000+0000',0.4666666666666667,1200,42.1200306935974,310,0.0,2.30294229141539
'13186807', 'CODEC-250', 'https://issues.apache.org/jira/rest/api/2/issue/13186807',2018-10-02T18:12:10.000+0000, '2018-09-22T13:24:10.000+0000',10.2,600,94.9282597487474,769,0.0,1.29571531518172
'13141435', 'CB-13927', 'https://issues.apache.org/jira/rest/api/2/issue/13141435',2018-03-21T05:09:13.000+0000, '2018-02-28T06:45:13.000+0000',20.933333333333334,600,76.588525641923,665,0.0,1.50153040597313
'13179142', 'BROOKLYN-597', 'https://issues.apache.org/jira/rest/api/2/issue/13179142',2018-09-17T11:47:34.000+0000, '2018-08-15T18:11:34.000+0000',32.733333333333334,9600,41.3913268887068,980,0.0,2.92331773575043
'13212511', 'ATLAS-3041', 'https://issues.apache.org/jira/rest/api/2/issue/13212511',2019-02-01T08:20:42.000+0000, '2019-01-29T11:32:42.000+0000',2.8666666666666667,3600,62.489118753821,632,0.0,2.00034826050986
'12994158', 'CALCITE-1338', 'https://issues.apache.org/jira/rest/api/2/issue/12994158',2016-10-06T20:33:17.000+0000, '2016-08-02T02:57:17.000+0000',65.73333333333333,3000,181.891961801174,1207,0.0,0.758692130391381
'13209976', 'COMPRESS-477', 'https://issues.apache.org/jira/rest/api/2/issue/13209976',2019-02-08T20:29:09.000+0000, '2019-01-16T17:17:09.000+0000',23.133333333333333,52200,33.0626135076436,1208,0.0,4.41586385680753
'12955284', 'CAY-2072', 'https://issues.apache.org/jira/rest/api/2/issue/12955284',2016-04-25T05:53:38.000+0000, '2016-04-01T12:17:38.000+0000',23.733333333333334,600,126.292248496257,3159,0.0,0.522597394423271
'12998030', 'BCEL-278', 'https://issues.apache.org/jira/rest/api/2/issue/12998030',2016-10-22T08:55:28.000+0000, '2016-08-17T21:43:28.000+0000',65.46666666666667,600,114.181622203275,1037,0.0,0.569268493000406
'12998030', 'BCEL-278', 'https://issues.apache.org/jira/rest/api/2/issue/12998030',2016-10-22T08:55:28.000+0000, '2016-08-17T21:43:28.000+0000',65.46666666666667,600,114.181622203275,1037,0.0,1.46258212817027
'13004004', 'ACCUMULO-4454', 'https://issues.apache.org/jira/rest/api/2/issue/13004004',2016-09-11T05:57:06.000+0000, '2016-09-09T23:33:06.000+0000',1.2666666666666666,1800,44.2334567310012,272,0.0,2.66766399735834
'13033603', 'CSV-206', 'https://issues.apache.org/jira/rest/api/2/issue/13033603',2017-04-30T07:44:24.000+0000, '2017-01-11T06:08:24.000+0000',109.06666666666666,12600,55.685552440727,432,0.0,1.52642824349235
'13024399', 'AVRO-1965', 'https://issues.apache.org/jira/rest/api/2/issue/13024399',2017-04-07T09:47:03.000+0000, '2016-11-30T11:23:03.000+0000',127.93333333333334,1200,69.9912237710708,1437,0.0,1.48590058005224
'13416815', 'FLUME-3395', 'https://issues.apache.org/jira/rest/api/2/issue/13416815',2021-12-11T19:14:43.000+0000, '2021-12-11T19:14:43.000+0000',0.0,1800,20.1051181000519,158,0.0,3.13353046157124
'13112202', 'CAMEL-11947', 'https://issues.apache.org/jira/rest/api/2/issue/13112202',2017-12-19T18:53:44.000+0000, '2017-10-26T07:41:44.000+0000',54.46666666666667,3600,51.3088750070967,1538,0.0,3.31326695384545
'13212170', 'GRIFFIN-229', 'https://issues.apache.org/jira/rest/api/2/issue/13212170',2019-01-31T08:49:48.000+0000, '2019-01-28T08:49:48.000+0000',3.0,9000,29.5592183579395,334,0.0,2.87558348027729
'13376222', 'FILEUPLOAD-327', 'https://issues.apache.org/jira/rest/api/2/issue/13376222',2021-05-03T07:51:21.000+0000, '2021-05-01T17:27:21.000+0000',1.6,4800,25.6246412869532,381,0.0,2.65369568449812
'13432050', 'FTPSERVER-506', 'https://issues.apache.org/jira/rest/api/2/issue/13432050',2022-03-07T08:06:46.000+0000, '2022-03-04T16:06:46.000+0000',2.6666666666666665,4800,52.8071516779453,2826,0.0176928520877565,1.40132534417504
'12650408', 'ACCUMULO-1480', 'https://issues.apache.org/jira/rest/api/2/issue/12650408',2013-08-23T19:18:53.000+0000, '2013-05-31T22:30:53.000+0000',83.86666666666666,4200,65.4911642239225,146,0.0,1.08411570997947
'13263432', 'BEANUTILS-527', 'https://issues.apache.org/jira/rest/api/2/issue/13263432',2019-10-20T21:27:08.000+0000, '2019-10-20T21:27:08.000+0000',0.0,600,43.5610892167792,863,0.0,11.8224775656351
'13212686', 'HDDS-1029', 'https://issues.apache.org/jira/rest/api/2/issue/13212686',2019-01-30T10:32:16.000+0000, '2019-01-30T00:56:16.000+0000',0.4,1200,42.0862760302035,349,0.0,1.8058143216439
'13108264', 'AMQ-6833', 'https://issues.apache.org/jira/rest/api/2/issue/13108264',2017-12-07T10:57:57.000+0000, '2017-10-10T10:57:57.000+0000',58.0,1200,72.594696699934,127,0.0,0.84028176675412
'13108354', 'BCEL-297', 'https://issues.apache.org/jira/rest/api/2/issue/13108354',2017-11-12T06:47:25.000+0000, '2017-10-10T17:59:25.000+0000',32.53333333333333,600,72.630972177431,398,0.0,1.21160432473661
'13305095', 'BEAM-10003', 'https://issues.apache.org/jira/rest/api/2/issue/13305095',2020-05-16T09:42:00.000+0000, '2020-05-15T03:18:00.000+0000',1.2666666666666666,10800,36.5776661429433,511,0.0,3.69077675629791
'13271572', 'CONFIGURATION-773', 'https://issues.apache.org/jira/rest/api/2/issue/13271572',2019-12-01T19:54:55.000+0000, '2019-12-01T19:54:55.000+0000',0.0,1200,33.5085301667532,454,0.0,2.68588325277535
'13376721', 'FILEUPLOAD-329', 'https://issues.apache.org/jira/rest/api/2/issue/13376721',2021-05-06T15:24:20.000+0000, '2021-05-05T05:48:20.000+0000',1.4,600,47.7143813371145,1318,0.0,3.1437062746389
'13075851', 'ARTEMIS-1194', 'https://issues.apache.org/jira/rest/api/2/issue/13075851',2017-08-06T02:03:54.000+0000, '2017-05-30T14:51:54.000+0000',67.46666666666667,5400,29.6568042682029,48,0.0,1.18016761629054
'13137738', 'DOXIA-570', 'https://issues.apache.org/jira/rest/api/2/issue/13137738',2018-03-15T07:50:15.000+0000, '2018-02-11T20:38:15.000+0000',31.466666666666665,600,67.0239967677582,895,0.0,2.29768452236023
'12936049', 'HADOOP-12760', 'https://issues.apache.org/jira/rest/api/2/issue/12936049',2016-04-06T07:28:25.000+0000, '2016-02-02T18:40:25.000+0000',63.53333333333333,7200,83.0001115777853,866,0.0,0.93975777281818
'12948423', 'CASSANDRA-11323', 'https://issues.apache.org/jira/rest/api/2/issue/12948423',2016-07-23T21:55:57.000+0000, '2016-03-09T15:31:57.000+0000',136.26666666666668,600,97.1363373443536,596,0.151006711409396,0.350023492027172
'13271572', 'CONFIGURATION-773', 'https://issues.apache.org/jira/rest/api/2/issue/13271572',2019-12-01T19:54:55.000+0000, '2019-12-01T19:54:55.000+0000',0.0,1200,33.5085301667532,454,0.0,3.014157872559
'13047583', 'ARTEMIS-1011', 'https://issues.apache.org/jira/rest/api/2/issue/13047583',2017-05-01T17:54:47.000+0000, '2017-03-02T06:42:47.000+0000',60.46666666666667,4200,165.359067252278,1465,0.0,1.10668258500036
'13231851', 'COMPRESS-485', 'https://issues.apache.org/jira/rest/api/2/issue/13231851',2019-05-13T14:50:56.000+0000, '2019-05-06T18:02:56.000+0000',6.866666666666666,16800,106.178404294973,452,0.0,1.45038909769424
'13066862', 'BAHIR-112', 'https://issues.apache.org/jira/rest/api/2/issue/13066862',2017-04-25T23:34:45.000+0000, '2017-04-25T21:58:45.000+0000',0.06666666666666667,14400,53.6561537250689,375,0.0,1.24869181535643
'12952489', 'CASSANDRA-11402', 'https://issues.apache.org/jira/rest/api/2/issue/12952489',2016-07-08T23:51:16.000+0000, '2016-03-22T15:51:16.000+0000',108.33333333333333,1200,135.640341098201,258,0.0,0.788850862019981
'13089197', 'HDFS-12188', 'https://issues.apache.org/jira/rest/api/2/issue/13089197',2017-10-29T14:14:22.000+0000, '2017-07-22T01:26:22.000+0000',99.53333333333333,2400,101.321749328357,566,0.0,1.03630267633579
'12861275', 'CXF-6576', 'https://issues.apache.org/jira/rest/api/2/issue/12861275',2015-10-12T15:19:07.000+0000, '2015-09-02T10:31:07.000+0000',40.2,600,83.0459024317782,588,0.115646258503401,0.830865798064909
'13239307', 'FLUME-3338', 'https://issues.apache.org/jira/rest/api/2/issue/13239307',2019-06-22T08:40:19.000+0000, '2019-06-13T15:04:19.000+0000',8.733333333333333,3600,34.7550688520933,511,0.0,2.41691364092754
'13260210', 'EAGLE-1101', 'https://issues.apache.org/jira/rest/api/2/issue/13260210',2019-10-02T22:53:36.000+0000, '2019-10-02T22:53:36.000+0000',0.0,600,40.2102362001038,52,0.0,1.09424873261218
'13186044', 'FLINK-10368', 'https://issues.apache.org/jira/rest/api/2/issue/13186044',2018-10-10T21:33:16.000+0000, '2018-09-19T11:57:16.000+0000',21.4,1200,48.0072412067122,11950,0.0,1.41645298273237
'12948423', 'CASSANDRA-11323', 'https://issues.apache.org/jira/rest/api/2/issue/12948423',2016-07-23T21:55:57.000+0000, '2016-03-09T15:31:57.000+0000',136.26666666666668,600,97.1363373443536,596,0.0,0.772110644177585
'13280247', 'FREEMARKER-127', 'https://issues.apache.org/jira/rest/api/2/issue/13280247',2020-01-18T08:27:55.000+0000, '2020-01-17T22:51:55.000+0000',0.4,1200,90.0646307046354,930,0.0,1.29906711529966
'13219343', 'ANY23-428', 'https://issues.apache.org/jira/rest/api/2/issue/13219343',2019-03-30T18:55:49.000+0000, '2019-03-04T17:19:49.000+0000',26.066666666666666,1200,69.5226524189253,780,0.0,0.906179465368762
'13069545', 'AMBARI-20946', 'https://issues.apache.org/jira/rest/api/2/issue/13069545',2017-05-05T23:31:33.000+0000, '2017-05-05T18:43:33.000+0000',0.2,14400,110.841875240391,487,0.0,0.694683302975563
'13100094', 'CAMEL-11750', 'https://issues.apache.org/jira/rest/api/2/issue/13100094',2017-09-06T16:38:58.000+0000, '2017-09-06T10:14:58.000+0000',0.26666666666666666,2400,52.1036096439357,4697,0.0,3.81931312168045
'13040598', 'CAMEL-10792', 'https://issues.apache.org/jira/rest/api/2/issue/13040598',2017-03-28T09:26:07.000+0000, '2017-02-06T11:02:07.000+0000',49.93333333333333,600,87.7478628725443,176,0.0,0.752155070669544
'13024220', 'CALCITE-1513', 'https://issues.apache.org/jira/rest/api/2/issue/13024220',2017-01-23T16:16:45.000+0000, '2016-11-29T21:04:45.000+0000',54.8,1200,65.2220923814922,3094,0.0,1.3952327605151
'13176771', 'FLINK-10052', 'https://issues.apache.org/jira/rest/api/2/issue/13176771',2018-10-16T12:43:24.000+0000, '2018-08-03T17:31:24.000+0000',73.8,3000,76.5895539760918,874,0.0,1.1750949748068
'13206914', 'CAY-2506', 'https://issues.apache.org/jira/rest/api/2/issue/13206914',2019-01-06T10:03:30.000+0000, '2018-12-29T08:27:30.000+0000',8.066666666666666,1200,59.5606755175493,90,0.0,0.738742460821077
'13118916', 'FINERACT-557', 'https://issues.apache.org/jira/rest/api/2/issue/13118916',2018-01-11T09:07:15.000+0000, '2017-11-16T13:55:15.000+0000',55.8,1200,58.4013992925397,208,0.235576923076923,0.66779221855018
'12997482', 'GORA-485', 'https://issues.apache.org/jira/rest/api/2/issue/12997482',2016-10-29T11:14:02.000+0000, '2016-08-16T06:26:02.000+0000',74.2,51600,45.3959662551219,215,0.0,1.05736266808913
'13226290', 'AIRAVATA-3008', 'https://issues.apache.org/jira/rest/api/2/issue/13226290',2019-04-07T05:07:49.000+0000, '2019-04-05T01:55:49.000+0000',2.1333333333333333,1200,24.076248309637,494,0.0,3.57198509061633
'13239924', 'BCEL-320', 'https://issues.apache.org/jira/rest/api/2/issue/13239924',2019-06-18T17:16:22.000+0000, '2019-06-17T12:28:22.000+0000',1.2,1200,73.9453490731823,1143,0.0,2.38013617091477
'12928146', 'AMQNET-517', 'https://issues.apache.org/jira/rest/api/2/issue/12928146',2016-01-07T09:26:25.000+0000, '2016-01-06T22:14:25.000+0000',0.4666666666666667,1200,80.870458931707,125,0.0,0.741927284605475
'13204945', 'ATLAS-3001', 'https://issues.apache.org/jira/rest/api/2/issue/13204945',2018-12-24T17:11:18.000+0000, '2018-12-17T17:11:18.000+0000',7.0,3000,62.3566149875001,306,0.0,1.74801021546551
'13231375', 'AMATERASU-76', 'https://issues.apache.org/jira/rest/api/2/issue/13231375',2019-05-03T07:15:44.000+0000, '2019-05-02T23:15:44.000+0000',0.3333333333333333,1200,47.9399782050116,324,0.0,1.08468968795993
'13204945', 'ATLAS-3001', 'https://issues.apache.org/jira/rest/api/2/issue/13204945',2018-12-24T17:11:18.000+0000, '2018-12-17T17:11:18.000+0000',7.0,3000,62.3566149875001,306,0.0,1.50745835095191
'13114720', 'DAFFODIL-1301', 'https://issues.apache.org/jira/rest/api/2/issue/13114720',2015-05-09T21:08:00.000+0000, '2015-04-08T16:20:00.000+0000',31.2,360,96.5908939794959,1924,0.0,0.817882480896905
'13003979', 'ACCUMULO-4453', 'https://issues.apache.org/jira/rest/api/2/issue/13003979',2016-09-11T16:40:56.000+0000, '2016-09-09T21:28:56.000+0000',1.8,4200,36.8201709941708,5700,0.0068421052631579,0.814770795191295
'13114704', 'DAFFODIL-1285', 'https://issues.apache.org/jira/rest/api/2/issue/13114704',2015-04-23T10:56:13.000+0000, '2015-03-27T14:08:13.000+0000',26.866666666666667,2100,59.4163510835631,301,0.0,2.69286142757195
'13112202', 'CAMEL-11947', 'https://issues.apache.org/jira/rest/api/2/issue/13112202',2017-12-19T18:53:44.000+0000, '2017-10-26T07:41:44.000+0000',54.46666666666667,3600,51.3088750070967,1538,0.0,1.79306211619871
'12940007', 'CASSANDRA-11181', 'https://issues.apache.org/jira/rest/api/2/issue/12940007',2016-07-04T13:40:30.000+0000, '2016-02-18T00:52:30.000+0000',137.53333333333333,4200,61.424822210566,110,0.0,0.76516297985988
'13344759', 'CRYPTO-155', 'https://issues.apache.org/jira/rest/api/2/issue/13344759',2020-12-08T14:10:18.000+0000, '2020-12-08T09:22:18.000+0000',0.2,1800,15.9545123452078,156,0.0,6.51853204596619
'13208500', 'CAY-2509', 'https://issues.apache.org/jira/rest/api/2/issue/13208500',2019-01-09T23:54:46.000+0000, '2019-01-09T09:30:46.000+0000',0.6,600,58.2191820578761,416,0.0,1.40847049205334
'12661995', 'ACCUMULO-1641', 'https://issues.apache.org/jira/rest/api/2/issue/12661995',2013-12-22T12:20:55.000+0000, '2013-08-05T23:32:55.000+0000',138.53333333333333,9000,55.711130939577,232,0.0,1.18468246626661
'13120255', 'CLEREZZA-1023', 'https://issues.apache.org/jira/rest/api/2/issue/13120255',2018-03-05T05:52:01.000+0000, '2017-11-22T15:28:01.000+0000',102.6,1200,28.5475107690705,124,0.0,1.64637822121155
'13218190', 'CRUNCH-680', 'https://issues.apache.org/jira/rest/api/2/issue/13218190',2019-02-27T07:01:13.000+0000, '2019-02-26T23:01:13.000+0000',0.3333333333333333,1200,41.2115602113257,519,0.0,4.80447716574403
'13195483', 'ANY23-415', 'https://issues.apache.org/jira/rest/api/2/issue/13195483',2018-11-07T14:16:00.000+0000, '2018-10-31T20:40:00.000+0000',6.733333333333333,1200,41.1146512107263,621,0.107890499194847,2.84570090112977
'13187827', 'ARIES-1835', 'https://issues.apache.org/jira/rest/api/2/issue/13187827',2018-09-27T08:19:03.000+0000, '2018-09-27T08:19:03.000+0000',0.0,1200,52.7759350126363,209,0.0,1.25056998012821
'13257187', 'CELIX-468', 'https://issues.apache.org/jira/rest/api/2/issue/13257187',2019-09-17T22:51:22.000+0000, '2019-09-17T18:03:22.000+0000',0.2,3000,41.9855588031783,495,0.0,2.16741190528376
'13226670', 'COMPRESS-481', 'https://issues.apache.org/jira/rest/api/2/issue/13226670',2019-04-08T23:47:42.000+0000, '2019-04-08T10:59:42.000+0000',0.5333333333333333,8400,48.0554190929491,321,0.0,2.1225493799713
'13289638', 'DBCP-562', 'https://issues.apache.org/jira/rest/api/2/issue/13289638',2020-04-04T00:30:29.000+0000, '2020-03-04T21:18:29.000+0000',30.133333333333333,7200,53.9747650358067,231,0.0,1.66744588772724
'13213291', 'ARIES-1886', 'https://issues.apache.org/jira/rest/api/2/issue/13213291',2019-02-02T22:41:30.000+0000, '2019-02-01T11:29:30.000+0000',1.4666666666666666,600,63.9558590938252,935,0.0,1.90756565119425
'12954479', 'CALCITE-1178', 'https://issues.apache.org/jira/rest/api/2/issue/12954479',2016-06-22T19:48:25.000+0000, '2016-03-30T00:36:25.000+0000',84.8,1200,79.7466283946673,317,0.0,0.551747464259471
'13186217', 'GEOMETRY-19', 'https://issues.apache.org/jira/rest/api/2/issue/13186217',2018-10-09T13:13:44.000+0000, '2018-09-20T02:01:44.000+0000',19.466666666666665,1200,27.2355836232848,256,0.0,3.70838390676713
'13117786', 'DELTASPIKE-1299', 'https://issues.apache.org/jira/rest/api/2/issue/13117786',2017-11-15T19:04:11.000+0000, '2017-11-12T14:16:11.000+0000',3.2,1200,41.8381603590775,277,0.0,2.77258844567796
'13232933', 'BVAL-174', 'https://issues.apache.org/jira/rest/api/2/issue/13232933',2019-05-17T06:06:52.000+0000, '2019-05-13T09:18:52.000+0000',3.8666666666666667,1800,43.0810694040254,2214,0.0,1.88017616833884
'13231851', 'COMPRESS-485', 'https://issues.apache.org/jira/rest/api/2/issue/13231851',2019-05-13T14:50:56.000+0000, '2019-05-06T18:02:56.000+0000',6.866666666666666,16800,106.178404294973,452,0.0,1.17726387799857
'13108632', 'FINERACT-538', 'https://issues.apache.org/jira/rest/api/2/issue/13108632',2017-12-11T09:43:10.000+0000, '2017-10-11T14:31:10.000+0000',60.8,1200,124.777709119246,258,0.0,0.937667479438871
'13288306', 'FREEMARKER-134', 'https://issues.apache.org/jira/rest/api/2/issue/13288306',2020-02-28T16:10:27.000+0000, '2020-02-28T14:34:27.000+0000',0.06666666666666667,1200,47.7875119113895,324,0.0,2.05074497667335
'13205146', 'DISPATCH-1226', 'https://issues.apache.org/jira/rest/api/2/issue/13205146',2018-12-18T22:50:03.000+0000, '2018-12-18T14:50:03.000+0000',0.3333333333333333,1200,53.8273439494867,223,0.0,1.20756469167414
'13075851', 'ARTEMIS-1194', 'https://issues.apache.org/jira/rest/api/2/issue/13075851',2017-08-06T02:03:54.000+0000, '2017-05-30T14:51:54.000+0000',67.46666666666667,5400,29.6568042682029,48,0.0,1.34876299004633
'12683145', 'ACCUMULO-1972', 'https://issues.apache.org/jira/rest/api/2/issue/12683145',2014-03-15T16:07:51.000+0000, '2013-12-06T16:07:51.000+0000',99.0,1800,62.7882471406011,558,0.0,2.32527593377569
'13269010', 'AVRO-2633', 'https://issues.apache.org/jira/rest/api/2/issue/13269010',2020-01-03T05:18:54.000+0000, '2019-11-18T08:30:54.000+0000',45.86666666666667,1800,110.912845739286,1455,0.0,1.00980187870456
'13215241', 'GEOMETRY-46', 'https://issues.apache.org/jira/rest/api/2/issue/13215241',2019-02-27T16:15:47.000+0000, '2019-02-12T13:03:47.000+0000',15.133333333333333,1200,31.8588790534204,297,0.0,1.50664434613391
'13011989', 'AMBARI-18587', 'https://issues.apache.org/jira/rest/api/2/issue/13011989',2016-10-15T16:41:01.000+0000, '2016-10-13T13:29:01.000+0000',2.1333333333333333,864000,21.4966502764616,504,0.0,3.34935904310815
'13275404', 'GOBBLIN-1008', 'https://issues.apache.org/jira/rest/api/2/issue/13275404',2019-12-19T14:06:43.000+0000, '2019-12-19T04:30:43.000+0000',0.4,3000,61.4459630040971,165,0.0,0.781174183840189
'13327498', 'ARROW-10003', 'https://issues.apache.org/jira/rest/api/2/issue/13327498',2020-09-15T09:43:41.000+0000, '2020-09-14T17:43:41.000+0000',0.6666666666666666,16200,66.7105083049437,154,0.0,1.48402406930339
'13184607', 'FLINK-10326', 'https://issues.apache.org/jira/rest/api/2/issue/13184607',2018-09-20T10:59:21.000+0000, '2018-09-12T14:11:21.000+0000',7.866666666666666,600,50.1149069633281,167,0.0,1.51651483770315
'13024358', 'CALCITE-1515', 'https://issues.apache.org/jira/rest/api/2/issue/13024358',2017-01-26T05:45:54.000+0000, '2016-11-30T08:57:54.000+0000',56.86666666666667,16800,57.1253154477867,546,0.0,1.20787079176949
'13130580', 'ARTEMIS-1604', 'https://issues.apache.org/jira/rest/api/2/issue/13130580',2018-02-10T02:29:02.000+0000, '2018-01-12T16:53:02.000+0000',28.4,53400,45.8595421020137,453,0.0,3.18363405537774
'13223430', 'CURATOR-514', 'https://issues.apache.org/jira/rest/api/2/issue/13223430',2019-06-10T11:59:59.000+0000, '2019-03-22T19:59:59.000+0000',79.66666666666667,1800,61.1434484026771,253,0.0,1.35746350865559
'13124542', 'HDFS-12920', 'https://issues.apache.org/jira/rest/api/2/issue/13124542',2018-03-11T00:58:36.000+0000, '2017-12-13T00:58:36.000+0000',88.0,2400,145.35079773708,1881,0.0308346624136098,0.571032297670189
'13139633', 'ARIES-1783', 'https://issues.apache.org/jira/rest/api/2/issue/13139633',2018-03-11T01:21:30.000+0000, '2018-02-20T10:57:30.000+0000',18.6,1200,118.486724410157,681,0.0,1.35036225194427
'13217310', 'CASSANDRASC-11', 'https://issues.apache.org/jira/rest/api/2/issue/13217310',2019-02-22T15:40:28.000+0000, '2019-02-21T22:04:28.000+0000',0.7333333333333333,1200,32.9596481587816,89,0.0,1.30462557709504
'13193707', 'ATLAS-2933', 'https://issues.apache.org/jira/rest/api/2/issue/13193707',2018-11-03T16:47:29.000+0000, '2018-10-23T23:11:29.000+0000',10.733333333333333,7800,67.6276733876788,1506,0.0,0.798489690609974
'13228867', 'CRUNCH-681', 'https://issues.apache.org/jira/rest/api/2/issue/13228867',2019-04-18T18:48:38.000+0000, '2019-04-18T14:00:38.000+0000',0.2,3600,70.5357387893396,264,0.0,1.74379686257131
'13068062', 'CARBONDATA-1005', 'https://issues.apache.org/jira/rest/api/2/issue/13068062',2017-05-01T05:53:06.000+0000, '2017-05-01T02:41:06.000+0000',0.13333333333333333,6600,62.9282532142921,193,0.0,1.44609130798711
'12484166', 'AMQNET-185', 'https://issues.apache.org/jira/rest/api/2/issue/12484166',2010-02-11T19:35:56.000+0000, '2009-09-10T19:35:56.000+0000',154.0,7200,105.71240905462,587,0.0,1.52300000955246
'13305127', 'BEAM-10004', 'https://issues.apache.org/jira/rest/api/2/issue/13305127',2020-05-18T18:33:13.000+0000, '2020-05-15T07:21:13.000+0000',3.466666666666667,3000,46.3558477600408,637,0.0,2.07093613079714
'13195483', 'ANY23-415', 'https://issues.apache.org/jira/rest/api/2/issue/13195483',2018-11-07T14:16:00.000+0000, '2018-10-31T20:40:00.000+0000',6.733333333333333,1200,41.1146512107263,621,0.0483091787439614,1.94577839393488
'13209671', 'BIGTOP-3137', 'https://issues.apache.org/jira/rest/api/2/issue/13209671',2019-01-17T17:03:56.000+0000, '2019-01-15T15:27:56.000+0000',2.066666666666667,2400,30.0701049232436,28,0.0,0.864646134969169
'13344759', 'CRYPTO-155', 'https://issues.apache.org/jira/rest/api/2/issue/13344759',2020-12-08T14:10:18.000+0000, '2020-12-08T09:22:18.000+0000',0.2,1800,15.9545123452078,156,0.0,4.45015168522692
'13255894', 'CONFIGURATION-756', 'https://issues.apache.org/jira/rest/api/2/issue/13255894',2019-09-10T16:49:57.000+0000, '2019-09-10T13:37:57.000+0000',0.13333333333333333,600,66.2844267190543,2172,0.0,1.6896879937532
'12990699', 'APEXMALHAR-2161', 'https://issues.apache.org/jira/rest/api/2/issue/12990699',2016-07-20T17:00:20.000+0000, '2016-07-19T09:00:20.000+0000',1.3333333333333333,28800,43.4184450698398,56,0.0,1.24371105213785
'12987124', 'DIRMINA-1039', 'https://issues.apache.org/jira/rest/api/2/issue/12987124',2016-07-09T09:58:46.000+0000, '2016-07-06T11:34:46.000+0000',2.933333333333333,600,67.7543669005438,1036,0.0,2.71569211575827
'13179142', 'BROOKLYN-597', 'https://issues.apache.org/jira/rest/api/2/issue/13179142',2018-09-17T11:47:34.000+0000, '2018-08-15T18:11:34.000+0000',32.733333333333334,9600,41.3913268887068,980,0.0,3.11659494141988
'12961774', 'GEODE-1279', 'https://issues.apache.org/jira/rest/api/2/issue/12961774',2016-06-11T21:12:47.000+0000, '2016-04-22T18:00:47.000+0000',50.13333333333333,11400,80.9393178763071,4177,0.0,0.518907264133176
'13126035', 'CXF-7594', 'https://issues.apache.org/jira/rest/api/2/issue/13126035',2018-02-14T09:47:56.000+0000, '2017-12-19T20:59:56.000+0000',56.53333333333333,1200,27.8489963492553,421,0.0,2.76491113124294
'12635059', 'GORA-213', 'https://issues.apache.org/jira/rest/api/2/issue/12635059',2013-09-05T09:22:12.000+0000, '2013-03-03T23:46:12.000+0000',185.4,2400,55.7141918570009,267,0.119850187265918,0.789744920162044
'13209453', 'BIGTOP-3135', 'https://issues.apache.org/jira/rest/api/2/issue/13209453',2019-01-15T05:02:09.000+0000, '2019-01-14T16:14:09.000+0000',0.5333333333333333,1200,29.5077134781267,151,0.0,2.20281385232315
'12951983', 'FLUME-2894', 'https://issues.apache.org/jira/rest/api/2/issue/12951983',2016-05-11T22:48:28.000+0000, '2016-03-21T10:00:28.000+0000',51.53333333333333,1800,97.7758432916649,1059,0.0,1.86140046327286
'13376198', 'FILEUPLOAD-325', 'https://issues.apache.org/jira/rest/api/2/issue/13376198',2021-05-02T08:57:15.000+0000, '2021-05-01T08:57:15.000+0000',1.0,1800,22.0445370209443,100,0.0,2.17741021072003
'12965191', 'DIRKRB-563', 'https://issues.apache.org/jira/rest/api/2/issue/12965191',2016-05-05T06:35:52.000+0000, '2016-05-05T06:35:52.000+0000',0.0,600,32.6708169125844,85,0.0,1.31615931475031
'13304739', 'DBCP-564', 'https://issues.apache.org/jira/rest/api/2/issue/13304739',2020-05-13T17:59:27.000+0000, '2020-05-13T17:59:27.000+0000',0.0,600,70.3679133501817,909,0.0,2.00375417270542
'13369643', 'GROOVY-10011', 'https://issues.apache.org/jira/rest/api/2/issue/13369643',2021-04-06T03:48:59.000+0000, '2021-04-05T19:48:59.000+0000',0.3333333333333333,1800,64.7610231892262,766,0.0,1.52869728000947
'13328783', 'BVAL-183', 'https://issues.apache.org/jira/rest/api/2/issue/13328783',2020-09-22T23:19:11.000+0000, '2020-09-22T13:43:11.000+0000',0.4,4200,26.9352166593302,473,0.0,4.52938625083381
'13167963', 'CB-14166', 'https://issues.apache.org/jira/rest/api/2/issue/13167963',2018-07-12T17:50:14.000+0000, '2018-06-25T05:02:14.000+0000',17.533333333333335,600,47.7884940285942,633,0.0473933649289099,1.46478773652326
'13248902', 'AVRO-2498', 'https://issues.apache.org/jira/rest/api/2/issue/13248902',2019-09-30T05:33:39.000+0000, '2019-08-05T15:09:39.000+0000',55.6,9600,68.1082077482578,453,0.0596026490066225,0.778173464729818
'13147488', 'BROOKLYN-586', 'https://issues.apache.org/jira/rest/api/2/issue/13147488',2018-03-28T11:26:10.000+0000, '2018-03-23T14:38:10.000+0000',4.866666666666666,15600,50.7805822038594,732,0.0,2.63880393222069
'13299347', 'AXIOM-502', 'https://issues.apache.org/jira/rest/api/2/issue/13299347',2020-04-18T08:47:14.000+0000, '2020-04-18T08:47:14.000+0000',0.0,1200,47.7496554876233,801,0.0,3.12044136189885
'13062699', 'AVRO-2019', 'https://issues.apache.org/jira/rest/api/2/issue/13062699',2017-07-31T18:29:50.000+0000, '2017-04-09T02:29:50.000+0000',113.66666666666667,3000,84.2549204727243,245,0.0,0.747730810812348
'13222268', 'FILEUPLOAD-296', 'https://issues.apache.org/jira/rest/api/2/issue/13222268',2019-03-18T21:04:23.000+0000, '2019-03-18T09:52:23.000+0000',0.4666666666666667,2400,15.1632110496951,469,0.0,7.45224739203722
'13231526', 'DELTASPIKE-1377', 'https://issues.apache.org/jira/rest/api/2/issue/13231526',2019-05-10T12:35:34.000+0000, '2019-05-03T20:35:34.000+0000',6.666666666666667,1200,61.1592773983398,1480,0.0,1.83128389942423
'13161640', 'CB-14108', 'https://issues.apache.org/jira/rest/api/2/issue/13161640',2018-06-04T04:20:57.000+0000, '2018-05-24T01:08:57.000+0000',11.133333333333333,1200,85.4989917111004,2818,0.0,2.43277722739501
'13068169', 'CARBONDATA-1008', 'https://issues.apache.org/jira/rest/api/2/issue/13068169',2017-05-08T08:52:22.000+0000, '2017-05-01T16:52:22.000+0000',6.666666666666667,136200,45.6412517898058,113,0.0,1.00786017464741
'13150049', 'ATLAS-2530', 'https://issues.apache.org/jira/rest/api/2/issue/13150049',2018-04-04T17:05:16.000+0000, '2018-04-04T15:29:16.000+0000',0.06666666666666667,1200,75.4539661758782,1398,0.0,1.39157694845692
'13235956', 'AMQNET-585', 'https://issues.apache.org/jira/rest/api/2/issue/13235956',2019-05-30T04:59:30.000+0000, '2019-05-28T09:47:30.000+0000',1.8,14400,31.6824727159144,206,0.0,1.10471175384045
'12703738', 'ANY23-183', 'https://issues.apache.org/jira/rest/api/2/issue/12703738',2014-08-07T13:53:17.000+0000, '2014-03-26T15:29:17.000+0000',133.93333333333334,2400,62.8521174758342,70,0.0,0.525041976711255
'13236928', 'GEOMETRY-52', 'https://issues.apache.org/jira/rest/api/2/issue/13236928',2019-05-31T17:51:26.000+0000, '2019-05-31T17:51:26.000+0000',0.0,1200,21.7805446083896,33,0.0,1.01007575318047
'13288094', 'FELIX-6226', 'https://issues.apache.org/jira/rest/api/2/issue/13288094',2020-02-27T16:32:36.000+0000, '2020-02-27T16:32:36.000+0000',0.0,1200,20.9428313542207,388,0.0,8.59482640888112
'13161640', 'CB-14108', 'https://issues.apache.org/jira/rest/api/2/issue/13161640',2018-06-04T04:20:57.000+0000, '2018-05-24T01:08:57.000+0000',11.133333333333333,1200,85.4989917111004,2818,0.0,0.970771682085509
'13116325', 'COLLECTIONS-664', 'https://issues.apache.org/jira/rest/api/2/issue/13116325',2017-12-16T18:04:57.000+0000, '2017-11-06T08:28:57.000+0000',40.4,600,69.938654689963,426,0.0,0.729210480614507
'13215946', 'FELIX-6058', 'https://issues.apache.org/jira/rest/api/2/issue/13215946',2019-03-28T08:50:48.000+0000, '2019-02-15T10:26:48.000+0000',40.93333333333333,600,66.1639848109312,343,0.0,1.29980079412919
'13210557', 'COLLECTIONS-709', 'https://issues.apache.org/jira/rest/api/2/issue/13210557',2019-01-19T23:30:11.000+0000, '2019-01-19T23:30:11.000+0000',0.0,1800,56.9645012834804,448,0.0,1.40438340014397
'13305127', 'BEAM-10004', 'https://issues.apache.org/jira/rest/api/2/issue/13305127',2020-05-18T18:33:13.000+0000, '2020-05-15T07:21:13.000+0000',3.466666666666667,3000,46.3558477600408,637,0.0,2.54552566077148
'13191519', 'CAY-2486', 'https://issues.apache.org/jira/rest/api/2/issue/13191519',2018-10-28T00:31:14.000+0000, '2018-10-15T08:31:14.000+0000',12.666666666666666,1200,37.7276157269721,313,0.0,1.4048065052282
'12975451', 'CAMEL-10013', 'https://issues.apache.org/jira/rest/api/2/issue/12975451',2016-08-17T22:34:39.000+0000, '2016-06-03T11:22:39.000+0000',75.46666666666667,1200,103.624576056422,88,0.0,0.511461682324686
'13059836', 'CALCITE-1726', 'https://issues.apache.org/jira/rest/api/2/issue/13059836',2017-05-13T12:35:20.000+0000, '2017-03-28T20:35:20.000+0000',45.666666666666664,1200,58.1172308402877,870,0.0,0.825916846105574
'13212511', 'ATLAS-3041', 'https://issues.apache.org/jira/rest/api/2/issue/13212511',2019-02-01T08:20:42.000+0000, '2019-01-29T11:32:42.000+0000',2.8666666666666667,3600,62.489118753821,632,0.0,2.40041791261183
'13327492', 'ARROW-10002', 'https://issues.apache.org/jira/rest/api/2/issue/13327492',2020-09-16T23:37:53.000+0000, '2020-09-14T17:13:53.000+0000',2.2666666666666666,19800,39.6203359603403,1225,0.0,2.22108162051143
'13108264', 'AMQ-6833', 'https://issues.apache.org/jira/rest/api/2/issue/13108264',2017-12-07T10:57:57.000+0000, '2017-10-10T10:57:57.000+0000',58.0,1200,72.594696699934,127,0.0,1.15710931815321
'13122885', 'ARTEMIS-1536', 'https://issues.apache.org/jira/rest/api/2/issue/13122885',2018-01-01T18:42:13.000+0000, '2017-12-05T13:54:13.000+0000',27.2,1200,124.011697608248,2535,0.0,1.01603318420842
'12994158', 'CALCITE-1338', 'https://issues.apache.org/jira/rest/api/2/issue/12994158',2016-10-06T20:33:17.000+0000, '2016-08-02T02:57:17.000+0000',65.73333333333333,3000,181.891961801173,1207,0.0,0.577265751384746
'13241066', 'AMQNET-588', 'https://issues.apache.org/jira/rest/api/2/issue/13241066',2019-06-22T21:47:57.000+0000, '2019-06-22T20:11:57.000+0000',0.06666666666666667,11400,29.3432090683971,174,0.0,3.20346693440694
'13068059', 'CARBONDATA-1004', 'https://issues.apache.org/jira/rest/api/2/issue/13068059',2017-05-01T05:00:35.000+0000, '2017-05-01T01:48:35.000+0000',0.13333333333333333,3000,38.5959953047658,146,0.0,2.15048217683225
'13095584', 'BIGTOP-2872', 'https://issues.apache.org/jira/rest/api/2/issue/13095584',2017-08-18T18:14:33.000+0000, '2017-08-18T08:38:33.000+0000',0.4,1200,79.9639244573866,375,0.0,0.912911672299204
'13273716', 'GOBBLIN-1002', 'https://issues.apache.org/jira/rest/api/2/issue/13273716',2019-12-10T22:25:12.000+0000, '2019-12-10T22:25:12.000+0000',0.0,3000,53.6136482668051,93,0.0,0.764730648359648
'13381987', 'FLAGON-488', 'https://issues.apache.org/jira/rest/api/2/issue/13381987',2021-06-03T19:18:07.000+0000, '2021-06-03T19:18:07.000+0000',0.0,4800,36.0216699292597,177,0.0,1.52685869666816
'13300848', 'DIRMINA-1124', 'https://issues.apache.org/jira/rest/api/2/issue/13300848',2020-04-28T16:13:03.000+0000, '2020-04-24T17:49:03.000+0000',3.933333333333333,2400,45.7585747943785,392,0.0,2.07611361208022
'12860523', 'GORA-430', 'https://issues.apache.org/jira/rest/api/2/issue/12860523',2016-01-02T14:52:54.000+0000, '2015-08-29T21:16:54.000+0000',125.73333333333333,4800,47.1358866084005,161,0.0,1.27291548578418
'13024220', 'CALCITE-1513', 'https://issues.apache.org/jira/rest/api/2/issue/13024220',2017-01-23T16:16:45.000+0000, '2016-11-29T21:04:45.000+0000',54.8,1200,65.2220923814922,3094,0.0,1.02725928521441
'13084171', 'CAMEL-11497', 'https://issues.apache.org/jira/rest/api/2/issue/13084171',2017-08-22T11:31:37.000+0000, '2017-07-03T08:19:37.000+0000',50.13333333333333,1200,60.3615251958901,78,0.0,0.662673778871372
'13234141', 'CSV-239', 'https://issues.apache.org/jira/rest/api/2/issue/13234141',2019-05-19T10:08:23.000+0000, '2019-05-19T02:08:23.000+0000',0.3333333333333333,12600,42.8936647097472,1441,0.0,2.19146581752991
'13209976', 'COMPRESS-477', 'https://issues.apache.org/jira/rest/api/2/issue/13209976',2019-02-08T20:29:09.000+0000, '2019-01-16T17:17:09.000+0000',23.133333333333333,52200,33.0626135076436,1208,0.0,5.8374090709853
'13133413', 'CAMEL-12191', 'https://issues.apache.org/jira/rest/api/2/issue/13133413',2018-03-17T12:35:54.000+0000, '2018-01-24T15:47:54.000+0000',51.86666666666667,1200,100.616702151311,36,0.0,0.337916064361457
'13321402', 'CRYPTO-149', 'https://issues.apache.org/jira/rest/api/2/issue/13321402',2020-08-07T02:40:41.000+0000, '2020-08-06T23:28:41.000+0000',0.13333333333333333,1800,51.1816459476242,3455,0.0,2.40320524521368
'13212232', 'HDDS-1017', 'https://issues.apache.org/jira/rest/api/2/issue/13212232',2019-01-29T09:39:22.000+0000, '2019-01-28T12:51:22.000+0000',0.8666666666666667,1200,57.5612771213159,914,0.0,1.51143276089304
'13222392', 'DELTASPIKE-1373', 'https://issues.apache.org/jira/rest/api/2/issue/13222392',2019-03-18T18:37:34.000+0000, '2019-03-18T18:37:34.000+0000',0.0,4800,40.2102362001038,382,0.0,2.23823604397946
'13068169', 'CARBONDATA-1008', 'https://issues.apache.org/jira/rest/api/2/issue/13068169',2017-05-08T08:52:22.000+0000, '2017-05-01T16:52:22.000+0000',6.666666666666667,136200,45.6412517898058,113,0.0,1.00786017464741
'13288335', 'FREEMARKER-135', 'https://issues.apache.org/jira/rest/api/2/issue/13288335',2020-02-28T16:33:47.000+0000, '2020-02-28T16:33:47.000+0000',0.0,1200,59.4776410459869,3053,0.0,1.79899535553654
'13130580', 'ARTEMIS-1604', 'https://issues.apache.org/jira/rest/api/2/issue/13130580',2018-02-10T02:29:02.000+0000, '2018-01-12T16:53:02.000+0000',28.4,53400,45.8595421020137,453,0.0,2.11515413268247
'13270340', 'CODEC-270', 'https://issues.apache.org/jira/rest/api/2/issue/13270340',2019-11-25T03:34:17.000+0000, '2019-11-24T22:46:17.000+0000',0.2,1200,61.2989158526404,1152,0.0,1.7129177333644
'12923712', 'HADOOP-12666', 'https://issues.apache.org/jira/rest/api/2/issue/12923712',2016-01-02T18:46:50.000+0000, '2015-12-22T10:46:50.000+0000',11.333333333333334,1209600,62.3569166066452,453,0.0,2.61398428386418
'13229574', 'FINCN-148', 'https://issues.apache.org/jira/rest/api/2/issue/13229574',2019-04-25T21:39:18.000+0000, '2019-04-23T10:27:18.000+0000',2.466666666666667,36000,70.8064582940055,468,0.0,2.49977197369558
'13207692', 'ARIES-1880', 'https://issues.apache.org/jira/rest/api/2/issue/13207692',2019-01-04T14:05:31.000+0000, '2019-01-04T14:05:31.000+0000',0.0,1200,44.398802470948,213,0.0,0.878402070090051
'12905346', 'CASSANDRA-10537', 'https://issues.apache.org/jira/rest/api/2/issue/12905346',2016-03-22T12:20:48.000+0000, '2015-10-15T21:56:48.000+0000',158.6,12000,91.4274219353997,1248,0.0,2.83284811621401
'13248902', 'AVRO-2498', 'https://issues.apache.org/jira/rest/api/2/issue/13248902',2019-09-30T05:33:39.000+0000, '2019-08-05T15:09:39.000+0000',55.6,9600,68.1082077482578,453,0.0,1.1305539015886
'13232330', 'BCEL-317', 'https://issues.apache.org/jira/rest/api/2/issue/13232330',2019-05-12T18:08:38.000+0000, '2019-05-08T21:20:38.000+0000',3.8666666666666667,2400,29.8929869334054,3638,0.0,3.57943487676126
'13222731', 'DELTASPIKE-1374', 'https://issues.apache.org/jira/rest/api/2/issue/13222731',2019-03-20T13:27:00.000+0000, '2019-03-20T05:27:00.000+0000',0.3333333333333333,2400,46.2578737065901,221,0.0,1.3186944213415
'12972279', 'DIRKRB-573', 'https://issues.apache.org/jira/rest/api/2/issue/12972279',2016-05-24T08:33:54.000+0000, '2016-05-24T05:21:54.000+0000',0.13333333333333333,600,37.7569519285753,92,0.0,1.82747802657712
'13223209', 'CURATOR-511', 'https://issues.apache.org/jira/rest/api/2/issue/13223209',2019-03-21T22:02:36.000+0000, '2019-03-21T22:02:36.000+0000',0.0,3600,30.9953904042467,79,0.0,0.580731514113589
'13368052', 'GROOVY-10002', 'https://issues.apache.org/jira/rest/api/2/issue/13368052',2021-03-27T06:08:54.000+0000, '2021-03-27T04:32:54.000+0000',0.06666666666666667,1800,49.4642667152979,621,0.0,2.30469402601581
'13134777', 'AMQ-6894', 'https://issues.apache.org/jira/rest/api/2/issue/13134777',2018-04-17T00:29:45.000+0000, '2018-01-30T14:53:45.000+0000',76.4,1800,106.50901777265,3045,0.0380952380952381,0.985832018694686
'13068066', 'CARBONDATA-1007', 'https://issues.apache.org/jira/rest/api/2/issue/13068066',2017-05-01T07:54:54.000+0000, '2017-05-01T03:06:54.000+0000',0.2,2400,45.3444035074326,133,0.0,1.72016817879663
'12703738', 'ANY23-183', 'https://issues.apache.org/jira/rest/api/2/issue/12703738',2014-08-07T13:53:17.000+0000, '2014-03-26T15:29:17.000+0000',133.93333333333334,2400,62.8521174758342,70,0.0,0.731876694809628
'12972094', 'AVRO-1851', 'https://issues.apache.org/jira/rest/api/2/issue/12972094',2016-10-09T22:13:54.000+0000, '2016-05-23T15:49:54.000+0000',139.26666666666668,7800,84.2811970575614,4512,0.0,1.73229623091716
'13343079', 'CRYPTO-152', 'https://issues.apache.org/jira/rest/api/2/issue/13343079',2020-12-01T05:11:34.000+0000, '2020-11-28T06:47:34.000+0000',2.933333333333333,4800,38.2204120977427,44,0.0,0.968069101541301
'13095584', 'BIGTOP-2872', 'https://issues.apache.org/jira/rest/api/2/issue/13095584',2017-08-18T18:14:33.000+0000, '2017-08-18T08:38:33.000+0000',0.4,1200,79.9639244573866,375,0.0,0.912911672299204
'13059836', 'CALCITE-1726', 'https://issues.apache.org/jira/rest/api/2/issue/13059836',2017-05-13T12:35:20.000+0000, '2017-03-28T20:35:20.000+0000',45.666666666666664,1200,58.1172308402877,870,0.0,1.17004886531623
'13207692', 'ARIES-1880', 'https://issues.apache.org/jira/rest/api/2/issue/13207692',2019-01-04T14:05:31.000+0000, '2019-01-04T14:05:31.000+0000',0.0,1200,44.398802470948,213,0.0,0.765786420078506
'13220881', 'ATLAS-3069', 'https://issues.apache.org/jira/rest/api/2/issue/13220881',2019-03-11T19:59:13.000+0000, '2019-03-11T16:47:13.000+0000',0.13333333333333333,3600,58.7330363333393,2940,0.0,1.49830496588932
'13114821', 'DAFFODIL-1402', 'https://issues.apache.org/jira/rest/api/2/issue/13114821',2015-08-17T19:56:08.000+0000, '2015-07-24T13:32:08.000+0000',24.266666666666666,60,76.2406970862929,5789,0.0,0.944377514262585
'13090681', 'BIGTOP-2860', 'https://issues.apache.org/jira/rest/api/2/issue/13090681',2017-07-28T21:09:21.000+0000, '2017-07-28T03:33:21.000+0000',0.7333333333333333,1200,29.5791714245476,69,0.0,1.69037865470786
'13090681', 'BIGTOP-2860', 'https://issues.apache.org/jira/rest/api/2/issue/13090681',2017-07-28T21:09:21.000+0000, '2017-07-28T03:33:21.000+0000',0.7333333333333333,1200,29.5791714245476,69,0.0,1.69037865470786
'13048802', 'GRIFFIN-1', 'https://issues.apache.org/jira/rest/api/2/issue/13048802',2017-03-13T10:47:06.000+0000, '2017-03-07T09:11:06.000+0000',6.066666666666666,151200,54.3232325146257,458,0.0,2.59557455388977
'13384697', 'CLEREZZA-1068', 'https://issues.apache.org/jira/rest/api/2/issue/13384697',2021-06-21T20:54:10.000+0000, '2021-06-20T08:06:10.000+0000',1.5333333333333334,3600,49.5000333262523,72,0.0,0.76767625083288
'13114562', 'DAFFODIL-1143', 'https://issues.apache.org/jira/rest/api/2/issue/13114562',2015-01-19T22:06:33.000+0000, '2014-11-12T20:30:33.000+0000',68.06666666666666,17520,50.8655927705866,359,0.0,1.4941337721704
'13241066', 'AMQNET-588', 'https://issues.apache.org/jira/rest/api/2/issue/13241066',2019-06-22T21:47:57.000+0000, '2019-06-22T20:11:57.000+0000',0.06666666666666667,11400,29.3432090683971,174,0.0,2.59003709590349
'13147614', 'CB-13999', 'https://issues.apache.org/jira/rest/api/2/issue/13147614',2018-04-17T05:03:17.000+0000, '2018-03-23T22:39:17.000+0000',24.266666666666666,600,77.395859163358,140,0.0,0.76231468502042
'12953893', 'CALCITE-1172', 'https://issues.apache.org/jira/rest/api/2/issue/12953893',2016-06-09T14:59:45.000+0000, '2016-03-28T03:47:45.000+0000',73.46666666666667,13800,76.5757401126727,889,0.0,2.33755494542555
'13288973', 'CODEC-286', 'https://issues.apache.org/jira/rest/api/2/issue/13288973',2020-04-19T12:02:24.000+0000, '2020-03-02T18:26:24.000+0000',47.733333333333334,600,44.9344324881342,187,0.0,3.22692403065934
'13078885', 'COMPRESS-404', 'https://issues.apache.org/jira/rest/api/2/issue/13078885',2017-08-22T15:11:22.000+0000, '2017-06-10T18:23:22.000+0000',72.86666666666666,16800,56.7037133783617,509,0.0,4.16198492019851
'13114690', 'DAFFODIL-1271', 'https://issues.apache.org/jira/rest/api/2/issue/13114690',2015-07-30T05:07:42.000+0000, '2015-03-11T19:31:42.000+0000',140.4,960,88.5670684334862,134,0.0,1.14037871848328
'13275838', 'GOBBLIN-1011', 'https://issues.apache.org/jira/rest/api/2/issue/13275838',2019-12-21T06:15:48.000+0000, '2019-12-21T01:27:48.000+0000',0.2,12600,46.1841146834962,273,0.0,3.74587671942148
'13257187', 'CELIX-468', 'https://issues.apache.org/jira/rest/api/2/issue/13257187',2019-09-17T22:51:22.000+0000, '2019-09-17T18:03:22.000+0000',0.2,3000,41.9855588031783,495,0.0,2.81049016289542
'13084171', 'CAMEL-11497', 'https://issues.apache.org/jira/rest/api/2/issue/13084171',2017-08-22T11:31:37.000+0000, '2017-07-03T08:19:37.000+0000',50.13333333333333,1200,60.3615251958901,78,0.0,0.546705867568882
'13359808', 'BROOKLYN-629', 'https://issues.apache.org/jira/rest/api/2/issue/13359808',2021-02-21T13:59:19.000+0000, '2021-02-20T17:11:19.000+0000',0.8666666666666667,3600,36.399042885538,299,0.0,2.11544023951777
'13211829', 'BROOKLYN-608', 'https://issues.apache.org/jira/rest/api/2/issue/13211829',2019-01-25T13:02:11.000+0000, '2019-01-25T13:02:11.000+0000',0.0,1200,71.2056266043505,989,0.0,1.0251998821051
'13327492', 'ARROW-10002', 'https://issues.apache.org/jira/rest/api/2/issue/13327492',2020-09-16T23:37:53.000+0000, '2020-09-14T17:13:53.000+0000',2.2666666666666666,19800,39.6203359603403,1225,0.0,1.64057165151413
'13256389', 'CONFIGURATION-760', 'https://issues.apache.org/jira/rest/api/2/issue/13256389',2019-09-12T16:03:15.000+0000, '2019-09-12T16:03:15.000+0000',0.0,1200,92.1484579585713,99817,0.0,0.596862945061189
'13099270', 'ARCHETYPE-531', 'https://issues.apache.org/jira/rest/api/2/issue/13099270',2017-11-16T02:23:09.000+0000, '2017-09-01T16:47:09.000+0000',75.4,600,110.718651104993,6171,0.0106951871657754,0.686424547639496
'13183429', 'DISPATCH-1115', 'https://issues.apache.org/jira/rest/api/2/issue/13183429',2018-09-13T15:36:55.000+0000, '2018-09-06T15:36:55.000+0000',7.0,1200,90.7838953494487,150,0.0,0.66091017320909
'13213038', 'COMPRESS-479', 'https://issues.apache.org/jira/rest/api/2/issue/13213038',2019-02-13T15:14:51.000+0000, '2019-01-31T10:26:51.000+0000',13.2,2400,68.0213505262964,1527,0.0,1.44072411443984
'13120255', 'CLEREZZA-1023', 'https://issues.apache.org/jira/rest/api/2/issue/13120255',2018-03-05T05:52:01.000+0000, '2017-11-22T15:28:01.000+0000',102.6,1200,28.5475107690705,124,0.0,1.2960849826559
'13121876', 'ARCHETYPE-536', 'https://issues.apache.org/jira/rest/api/2/issue/13121876',2017-12-30T02:26:14.000+0000, '2017-11-30T10:26:14.000+0000',29.666666666666668,600,147.797047345994,522,0.0,0.703667643349701
'13211330', 'BROOKLYN-607', 'https://issues.apache.org/jira/rest/api/2/issue/13211330',2019-01-24T02:40:25.000+0000, '2019-01-23T17:04:25.000+0000',0.4,1800,47.978354674432,1849,0.0,1.45899125709918
'13226670', 'COMPRESS-481', 'https://issues.apache.org/jira/rest/api/2/issue/13226670',2019-04-08T23:47:42.000+0000, '2019-04-08T10:59:42.000+0000',0.5333333333333333,8400,48.0554190929491,321,0.0,1.20693984351309
'13255894', 'CONFIGURATION-756', 'https://issues.apache.org/jira/rest/api/2/issue/13255894',2019-09-10T16:49:57.000+0000, '2019-09-10T13:37:57.000+0000',0.13333333333333333,600,66.2844267190543,2172,0.0,2.67031049012783
'13244762', 'CODEC-259', 'https://issues.apache.org/jira/rest/api/2/issue/13244762',2019-07-23T08:34:10.000+0000, '2019-07-13T16:34:10.000+0000',9.666666666666666,1200,78.0394106532509,1110,0.0,4.11330630655689
'13210628', 'EMPIREDB-285', 'https://issues.apache.org/jira/rest/api/2/issue/13210628',2019-02-21T01:55:41.000+0000, '2019-01-20T19:31:41.000+0000',31.266666666666666,600,44.6060722468041,682,0.0,1.72622237559858
'13277268', 'ARCHETYPE-585', 'https://issues.apache.org/jira/rest/api/2/issue/13277268',2020-01-15T16:49:39.000+0000, '2020-01-02T21:37:39.000+0000',12.8,600,47.7455368888734,753,0.0,1.63366054887063
'13186807', 'CODEC-250', 'https://issues.apache.org/jira/rest/api/2/issue/13186807',2018-10-02T18:12:10.000+0000, '2018-09-22T13:24:10.000+0000',10.2,600,94.9282597487474,769,0.0,0.884878751831416
'12958428', 'CAY-2077', 'https://issues.apache.org/jira/rest/api/2/issue/12958428',2016-05-06T09:55:07.000+0000, '2016-04-13T09:55:07.000+0000',23.0,600,84.2338615512976,1174,0.0,0.831019719514707
'13068064', 'CARBONDATA-1006', 'https://issues.apache.org/jira/rest/api/2/issue/13068064',2017-05-01T02:54:48.000+0000, '2017-05-01T02:54:48.000+0000',0.0,2400,43.5610892167792,52,0.0,0.757556814885355
'13183875', 'COLLECTIONS-694', 'https://issues.apache.org/jira/rest/api/2/issue/13183875',2018-09-29T07:11:24.000+0000, '2018-09-09T08:47:24.000+0000',19.933333333333334,9000,40.5518681837762,433,0.0,2.09608098977808
'13091535', 'AMQ-6781', 'https://issues.apache.org/jira/rest/api/2/issue/13091535',2017-10-29T03:46:42.000+0000, '2017-08-01T13:22:42.000+0000',88.6,1800,105.46213062483,708,0.0635593220338983,0.312908527492147
'13328783', 'BVAL-183', 'https://issues.apache.org/jira/rest/api/2/issue/13328783',2020-09-22T23:19:11.000+0000, '2020-09-22T13:43:11.000+0000',0.4,4200,26.9352166593302,473,0.0,4.12099896592256
'12858806', 'CASSANDRA-10190', 'https://issues.apache.org/jira/rest/api/2/issue/12858806',2015-12-12T22:05:49.000+0000, '2015-08-26T01:17:49.000+0000',108.86666666666666,6600,39.9790595214469,320,0.0,2.10109995096152
'13368913', 'GROOVY-10006', 'https://issues.apache.org/jira/rest/api/2/issue/13368913',2021-04-01T08:18:26.000+0000, '2021-03-31T16:18:26.000+0000',0.6666666666666666,1800,31.2441621175053,412,0.0,2.49646637047433
'12933326', 'AMBARI-14772', 'https://issues.apache.org/jira/rest/api/2/issue/12933326',2016-01-23T21:50:02.000+0000, '2016-01-22T12:14:02.000+0000',1.4,172800,46.8623388132375,328,0.0,1.3443631196274
'13068066', 'CARBONDATA-1007', 'https://issues.apache.org/jira/rest/api/2/issue/13068066',2017-05-01T07:54:54.000+0000, '2017-05-01T03:06:54.000+0000',0.2,2400,45.3444035074326,133,0.0,1.60990098784813
'13299347', 'AXIOM-502', 'https://issues.apache.org/jira/rest/api/2/issue/13299347',2020-04-18T08:47:14.000+0000, '2020-04-18T08:47:14.000+0000',0.0,1200,47.7496554876233,801,0.0,2.49216457762391
'12753619', 'GORA-396', 'https://issues.apache.org/jira/rest/api/2/issue/12753619',2015-03-03T06:52:31.000+0000, '2014-11-07T05:16:31.000+0000',116.06666666666666,4200,88.5443965109822,225,0.0,0.801857630721937
'13243984', 'ANY23-440', 'https://issues.apache.org/jira/rest/api/2/issue/13243984',2019-07-15T02:54:25.000+0000, '2019-07-09T23:42:25.000+0000',5.133333333333334,1200,54.5379694135876,296,0.0,1.98027174757799
'12845648', 'GEODE-130', 'https://issues.apache.org/jira/rest/api/2/issue/12845648',2015-10-24T12:11:09.000+0000, '2015-07-16T16:59:09.000+0000',99.8,13800,62.7922515485097,1238,0.0,2.6914148773506
'13100094', 'CAMEL-11750', 'https://issues.apache.org/jira/rest/api/2/issue/13100094',2017-09-06T16:38:58.000+0000, '2017-09-06T10:14:58.000+0000',0.26666666666666666,2400,52.1036096439357,4697,0.0,1.57378731647134
'13327643', 'ARROW-10012', 'https://issues.apache.org/jira/rest/api/2/issue/13327643',2020-09-15T10:15:04.000+0000, '2020-09-15T10:15:04.000+0000',0.0,2400,36.0216699292597,1733,0.0,2.49849604909335
'13264905', 'COMPRESS-497', 'https://issues.apache.org/jira/rest/api/2/issue/13264905',2019-10-29T02:43:51.000+0000, '2019-10-28T20:19:51.000+0000',0.26666666666666666,3000,36.1363744304715,444,0.0,2.65660298004465
'12672978', 'EMPIREDB-195', 'https://issues.apache.org/jira/rest/api/2/issue/12672978',2014-05-02T01:38:44.000+0000, '2013-10-09T08:02:44.000+0000',204.73333333333332,1800,81.4285392510724,3172,0.0,1.38771984662014
'13079331', 'CODEC-236', 'https://issues.apache.org/jira/rest/api/2/issue/13079331',2017-08-02T12:54:09.000+0000, '2017-06-12T22:30:09.000+0000',50.6,1200,42.5835551021841,155,0.0,2.44225733972751
'12945061', 'GEODE-1009', 'https://issues.apache.org/jira/rest/api/2/issue/12945061',2016-04-25T12:01:57.000+0000, '2016-02-26T21:37:57.000+0000',58.6,1800,97.8197013312815,4158,0.0,1.11429495813788
